Date,Portfolio_Log_Return
2016-08-01,0.0025311024551307455
2016-08-02,-0.0050988954255695796
2016-08-03,0.006548018269422196
2016-08-04,0.00028571520495331547
2016-08-05,0.011459510456471467
2016-08-08,-0.000268842021192865
2016-08-09,-0.00034228643457630736
2016-08-10,-0.00398548054328182
2016-08-11,0.005354452181611455
2016-08-12,-0.0012914541866448522
2016-08-15,0.0068109802800288295
2016-08-16,-0.004108988816255945
2016-08-17,0.002704164035707247
2016-08-18,-0.0017481931921737482
2016-08-19,0.0005064980655078192
2016-08-22,-0.00041224533180098534
2016-08-23,0.001065945105674058
2016-08-24,-0.006537376537054658
2016-08-25,-0.0012335145519809273
2016-08-26,-0.0012583101403869474
2016-08-29,0.004544997276391104
2016-08-30,0.00011068058424304776
2016-08-31,-0.0023703449108525825
2016-09-01,-0.0007021471035041171
2016-09-02,0.004558733558593367
2016-09-06,0.0007597814124521488
2016-09-07,0.0020004912838286117
2016-09-08,-0.004433973531543707
2016-09-09,-0.0213117462980597
2016-09-12,0.015428418976316919
2016-09-13,-0.011285260276307767
2016-09-14,0.003035671755376307
2016-09-15,0.012880924675837145
2016-09-16,-0.001479630231099198
2016-09-19,-0.0017008190291521131
2016-09-20,0.0012606041458716006
2016-09-21,0.009605612732630605
2016-09-22,0.005659698262512612
2016-09-23,-0.00938324142569301
2016-09-26,-0.0105314230366618
2016-09-27,0.00596569267679491
2016-09-28,0.007389511471553943
2016-09-29,-0.012616479604123125
2016-09-30,0.00961972769139194
2016-10-03,-0.0036570467136977213
2016-10-04,-0.0002699152669513391
2016-10-05,0.007398880247736586
2016-10-06,0.002563282142428469
2016-10-07,0.0009256254117869891
2016-10-10,0.004853091691827078
2016-10-11,-0.01202162271157105
2016-10-12,0.0028551384199555388
2016-10-13,-0.004487199847780846
2016-10-14,0.0028990762377165144
2016-10-17,-0.0031350800475013142
2016-10-18,0.010271231223373214
2016-10-19,0.004547040715005281
2016-10-20,-0.006652880974017075
2016-10-21,0.0011693597928002614
2016-10-24,0.005803292283521081
2016-10-25,-0.007263112818521595
2016-10-26,-0.003384486383703443
2016-10-27,-0.0027680460470972884
2016-10-28,-0.007326183200731613
2016-10-31,-0.003010528242683271
2016-11-01,-0.010299933283757386
2016-11-02,-0.006502747867031491
2016-11-03,-0.0051808421229177365
2016-11-04,-0.002264423715906374
2016-11-07,0.02364242087389573
2016-11-08,0.005699010644342578
2016-11-09,0.02272085018322334
2016-11-10,0.015433549539379825
2016-11-11,0.0019937021830694706
2016-11-14,0.0017806694324436112
2016-11-15,0.0020810236376908368
2016-11-16,-8.574932418684272e-06
2016-11-17,0.006928744398697888
2016-11-18,-0.0034466347747532096
2016-11-21,0.005598286891525846
2016-11-22,0.0027201765879830745
2016-11-23,0.0036271517321786483
2016-11-25,0.0009642194853844309
2016-11-28,-0.004575240366707335
2016-11-29,0.005431595382898261
2016-11-30,0.0011703513231793848
2016-12-01,0.0031397889944426724
2016-12-02,-0.0004766710868256466
2016-12-05,0.005544585731031603
2016-12-06,0.002392975085607964
2016-12-07,0.013553453485788305
2016-12-08,0.0028733562902392286
2016-12-09,0.00667458230827358
2016-12-12,-0.0008568348818628079
2016-12-13,0.009741956897775446
2016-12-14,-0.003924371379018157
2016-12-15,0.00598366653589023
2016-12-16,-0.004984079493710689
2016-12-19,0.0009349698778989067
2016-12-20,0.006630780409766956
2016-12-21,-0.0021420915651172486
2016-12-22,-0.002131075997452043
2016-12-23,0.002200772136610898
2016-12-27,0.001880428474444744
2016-12-28,-0.004810645647516748
2016-12-29,-0.0016991977555513194
2016-12-30,-0.004332258764575214
2017-01-03,0.00901687542976878
2017-01-04,0.002671257597691124
2017-01-05,-0.003168638877796401
2017-01-06,0.007138638087893665
2017-01-09,-0.0006476846700414522
2017-01-10,0.0021807687874202887
2017-01-11,0.003909130944474825
2017-01-12,-0.006071944281667052
2017-01-13,0.001338602414584443
2017-01-17,-0.008142556055979444
2017-01-18,0.0006418100556000433
2017-01-19,-0.0039709406649913685
2017-01-20,0.0038018812549801806
2017-01-23,0.0017292476037627162
2017-01-24,0.004850290374391286
2017-01-25,0.00991002039647666
2017-01-26,0.002343609495866112
2017-01-27,0.006596517096544456
2017-01-30,-0.008628907658818035
2017-01-31,-0.005915298950386182
2017-02-01,0.005417004189530594
2017-02-02,-0.003632548079215694
2017-02-03,0.019112999225248502
2017-02-06,-0.0033274110765811344
2017-02-07,0.0011733868866480794
2017-02-08,-0.0010868349545068885
2017-02-09,0.007688564767761882
2017-02-10,0.004835174210731962
2017-02-13,0.008956913283069313
2017-02-14,0.007026977617629028
2017-02-15,0.007909652076065896
2017-02-16,-0.0015540967836792235
2017-02-17,-0.000785580989156352
2017-02-21,0.0045332429355565175
2017-02-22,0.00024542564273683984
2017-02-23,-0.0003941721028099378
2017-02-24,-0.0007395203341399037
2017-02-27,0.0037181256831232616
2017-02-28,-0.0011361144160741139
2017-03-01,0.017698074035998733
2017-03-02,-0.009144368829059309
2017-03-03,0.004809173824202163
2017-03-06,-0.0028951295719641433
2017-03-07,-0.0019510500925242992
2017-03-08,-0.0021208247552345046
2017-03-09,-0.0010491465373548834
2017-03-10,0.004776426282278215
2017-03-13,0.00024128007106841392
2017-03-14,-0.0030900147872976215
2017-03-15,0.007270565348909238
2017-03-16,-0.001267492037075879
2017-03-17,-0.009277250513402646
2017-03-20,-0.001339777752906527
2017-03-21,-0.016475820092892928
2017-03-22,0.0029897578728913746
2017-03-23,-0.002309757952948368
2017-03-24,-0.0023519976997509085
2017-03-27,-0.0030761670685550482
2017-03-28,0.008543487041431775
2017-03-29,-0.0036152131884813325
2017-03-30,0.004595519969642083
2017-03-31,-0.003880165711689936
2017-04-03,-0.0005470889214827337
2017-04-04,0.002735295564117326
2017-04-05,-0.002974620441137502
2017-04-06,0.002594136237048636
2017-04-07,-0.000981247908471342
2017-04-10,0.0024026439376633375
2017-04-11,-0.0014217740498589382
2017-04-12,-0.005154925534257888
2017-04-13,-0.0073289175398590445
2017-04-17,0.01029741260515835
2017-04-18,-0.006407233011479966
2017-04-19,-0.003645836079019949
2017-04-20,0.010277651467554244
2017-04-21,-0.0010686143932841865
2017-04-24,0.017219845640083307
2017-04-25,0.01473112387765493
2017-04-26,0.000676656348947307
2017-04-27,-0.0021951818880020695
2017-04-28,-0.0021497178998743666
2017-05-01,0.0015023975421333128
2017-05-02,0.0009473067847813963
2017-05-03,7.935238277915948e-05
2017-05-04,-0.0014032601454730083
2017-05-05,0.0023362569472340803
2017-05-08,0.0016491209223078985
2017-05-09,-0.001130181029401562
2017-05-10,0.0018508002900744396
2017-05-11,-0.0019334950354271895
2017-05-12,0.00024513190942905875
2017-05-15,0.003926635933168854
2017-05-16,0.0005307061225532299
2017-05-17,-0.021554375544921102
2017-05-18,0.004547096140999992
2017-05-19,0.004457529409241103
2017-05-22,0.00212833961347521
2017-05-23,0.005268902586730406
2017-05-24,0.00396219012997199
2017-05-25,0.006032769188953064
2017-05-26,-0.0006078909412933129
2017-05-30,-0.004441620591450124
2017-05-31,-0.005590510143503719
2017-06-01,0.00851903833557129
2017-06-02,0.0052461667185991195
2017-06-05,0.0004251839820478487
2017-06-06,-0.0013750393852415073
2017-06-07,0.004732109195831057
2017-06-08,0.00224483262700407
2017-06-09,-0.0014330901193658967
2017-06-12,-0.005278240241831942
2017-06-13,0.007023403658612585
2017-06-14,0.0029373964216124213
2017-06-15,-0.0032489591518031916
2017-06-16,-0.0013376282824668988
2017-06-19,0.011568814514654038
2017-06-20,-0.0036990166935972867
2017-06-21,-0.0006677700535632708
2017-06-22,-0.00043252176921305453
2017-06-23,-0.0022580071669192022
2017-06-26,0.0013096512236717658
2017-06-27,-0.004950137494142812
2017-06-28,0.012826000977426748
2017-06-29,-0.006921137299533333
2017-06-30,0.0018482639564708007
2017-07-03,0.004049945853443472
2017-07-05,0.004326855954179839
2017-07-06,-0.0070685636020720805
2017-07-07,0.004553519939853824
2017-07-10,0.0011019997933221848
2017-07-11,0.0003006843054121219
2017-07-12,0.00494390610460051
2017-07-13,0.004468581588589597
2017-07-14,0.003767126088275935
2017-07-17,0.0013621265199319813
2017-07-18,-0.004217115772611444
2017-07-19,0.0064166815079704925
2017-07-20,-0.0052464387229043
2017-07-21,-0.00025470531511657176
2017-07-24,0.002274496102700497
2017-07-25,0.011895743346710352
2017-07-26,-0.004358898085173687
2017-07-27,-0.0069064158209965155
2017-07-28,0.0029665436147802288
2017-07-31,0.002670616204377938
2017-08-01,0.004384476513394275
2017-08-02,0.004985349117275068
2017-08-03,-0.001507779625464958
2017-08-04,0.0073098258599179605
2017-08-07,0.0038645697620025826
2017-08-08,-0.0005155628580485579
2017-08-09,0.0015507346370366541
2017-08-10,-0.016095706173783777
2017-08-11,0.00169151296720257
2017-08-14,0.009837468915957534
2017-08-15,-0.0001934927496364822
2017-08-16,0.00197518525801866
2017-08-17,-0.014459784112109837
2017-08-18,-0.0016390749656620643
2017-08-21,0.0009779906843845406
2017-08-22,0.011325970496092708
2017-08-23,-0.004455962521454574
2017-08-24,-0.0014799149028878406
2017-08-25,0.0026696843201617286
2017-08-28,4.479854042137689e-05
2017-08-29,0.0020904263238937385
2017-08-30,0.003712390105165626
2017-08-31,0.004565342241580457
2017-09-01,0.0022872961668460702
2017-09-05,-0.012280434303727182
2017-09-06,0.004576005653093719
2017-09-07,0.0005927076078330389
2017-09-08,0.0030346950325910145
2017-09-11,0.014265345064750171
2017-09-12,0.006913506650558279
2017-09-13,-0.0019149573000090908
2017-09-14,-0.002699036912850393
2017-09-15,0.000894505910400601
2017-09-18,0.002143114688884601
2017-09-19,0.0012960497909896152
2017-09-20,0.0016921525519000315
2017-09-21,-0.0024485003632861643
2017-09-22,-0.0017435988184714428
2017-09-25,-0.0052147625795815515
2017-09-26,0.0013352492963226597
2017-09-27,0.006420968226128352
2017-09-28,0.0033512286222022796
2017-09-29,0.0033723456847967186
2017-10-02,0.005114269275583512
2017-10-03,0.0033048946869201363
2017-10-04,0.000956734957142305
2017-10-05,0.005962400283965106
2017-10-06,0.0005390813590221263
2017-10-09,-0.0021616012078060783
2017-10-10,0.0018132113135580347
2017-10-11,0.0007745053935043847
2017-10-12,-0.0027229974080630968
2017-10-13,0.001930755833626415
2017-10-16,0.007211454245141215
2017-10-17,0.0030634203114925105
2017-10-18,0.005083661848406795
2017-10-19,-0.0031314805798181595
2017-10-20,0.007299796114265669
2017-10-23,-0.0009664430375292648
2017-10-24,0.009298464095669945
2017-10-25,-0.004874441674110549
2017-10-26,0.003150301574199035
2017-10-27,0.01038849389588507
2017-10-30,-0.0009880925125231909
2017-10-31,0.0007479598630064077
2017-11-01,0.0014164076492541044
2017-11-02,0.0018463721492018575
2017-11-03,0.0033922671606745006
2017-11-06,-0.00020667532957083603
2017-11-07,-0.000828503102902154
2017-11-08,-0.0009017297248929959
2017-11-09,-0.0017945819678718538
2017-11-10,-0.00029953522526191304
2017-11-13,-0.0009576220021192702
2017-11-14,-0.001217782163968789
2017-11-15,-0.008085425610934987
2017-11-16,0.006147828872015286
2017-11-17,-0.0052555726135426455
2017-11-20,0.002615688584457943
2017-11-21,0.008800465738897294
2017-11-22,-0.0024391086177477984
2017-11-24,0.0009612576145916194
2017-11-27,0.0009541610992566244
2017-11-28,0.013399960547850035
2017-11-29,0.0019486982621644586
2017-11-30,0.017239454857652582
2017-12-01,8.780679953881293e-05
2017-12-04,-0.0038911551988449608
2017-12-05,-0.003949018467887101
2017-12-06,-0.001978664359809486
2017-12-07,0.002507063953184711
2017-12-08,0.009233576634847937
2017-12-11,0.0017642442658619682
2017-12-12,0.004893532640811265
2017-12-13,0.0029202241461336077
2017-12-14,-0.007560995162304368
2017-12-15,0.010102781232874657
2017-12-18,0.0058484561864842275
2017-12-19,-0.002945323647868429
2017-12-20,0.000510785111583891
2017-12-21,0.00508021028898756
2017-12-22,-0.001085119027380686
2017-12-26,-0.0017763321132324994
2017-12-27,0.0018169393684457635
2017-12-28,0.002852821115174739
2017-12-29,-0.0055527165033592745
2018-01-02,0.002188864376082315
2018-01-03,0.004507343483181051
2018-01-04,0.006686507207185156
2018-01-05,0.008484498144545955
2018-01-08,-0.00125683050712839
2018-01-09,0.0046643191918697155
2018-01-10,-0.001653965502193757
2018-01-11,0.006118170366426946
2018-01-12,0.01176402410181385
2018-01-16,0.0005956821268389659
2018-01-17,0.009662455833441531
2018-01-18,0.0016814472113418058
2018-01-19,0.0051599108483556325
2018-01-22,0.01011000949763657
2018-01-23,0.004637358603757772
2018-01-24,0.0016882392068954134
2018-01-25,0.001184910411760916
2018-01-26,0.0077387314769898395
2018-01-29,-0.005481630960888256
2018-01-30,-0.014016386914291832
2018-01-31,0.00037580512083547747
2018-02-01,0.001545038585566962
2018-02-02,-0.025836326613340992
2018-02-05,-0.046248107745586735
2018-02-06,0.02834721120798986
2018-02-07,-0.003819956340979863
2018-02-08,-0.04464416506679127
2018-02-09,0.017731955377158756
2018-02-12,0.01562985332114275
2018-02-13,0.005485549290633686
2018-02-14,0.01876487311785552
2018-02-15,0.011779828626569578
2018-02-16,-0.0019124062320283143
2018-02-20,-0.004023988437016204
2018-02-21,-0.00678724324110384
2018-02-22,0.003965381564790088
2018-02-23,0.01925145721679692
2018-02-26,0.013152025225794964
2018-02-27,-0.011224747456459344
2018-02-28,-0.015510671654226467
2018-03-01,-0.014398371978417882
2018-03-02,-0.0011069589191537207
2018-03-05,0.015666905930061245
2018-03-06,0.002528678806823099
2018-03-07,-0.0060738779698668675
2018-03-08,0.0034756465161270584
2018-03-09,0.019847448551003177
2018-03-12,-0.00483659163550117
2018-03-13,-0.007033225887421273
2018-03-14,-0.006989584918678565
2018-03-15,0.005959924899370996
2018-03-16,0.002349070207613934
2018-03-19,-0.016206283363771876
2018-03-20,0.005303269199201269
2018-03-21,-0.00600546817201027
2018-03-22,-0.030988723637427842
2018-03-23,-0.02475333058406834
2018-03-26,0.036650345083547455
2018-03-27,-0.021383390401490888
2018-03-28,-0.0007407312092051325
2018-03-29,0.009354120600121063
2018-04-02,-0.018028919342452127
2018-04-03,0.013225924591586644
2018-04-04,0.015928783309694106
2018-04-05,0.0071268331343751195
2018-04-06,-0.024882890523634096
2018-04-09,0.003838873255909697
2018-04-10,0.017709765744526762
2018-04-11,-0.010241122458620276
2018-04-12,0.012254073962087116
2018-04-13,-0.005339523981729021
2018-04-16,0.009120536901784201
2018-04-17,0.00968653355207981
2018-04-18,0.0031254999239166453
2018-04-19,-0.004546365015163974
2018-04-20,-0.008282318890920628
2018-04-23,0.0002962525629662927
2018-04-24,-0.020579202079415788
2018-04-25,0.0003928531241101144
2018-04-26,0.01474526848155763
2018-04-27,0.0008636952890520625
2018-04-30,-0.006753934689135792
2018-05-01,0.0003893072374290314
2018-05-02,-0.0032415431426587264
2018-05-03,-0.0033319195287671985
2018-05-04,0.013872977362881676
2018-05-07,0.004624128376074052
2018-05-08,0.0020567252345582926
2018-05-09,0.00951186396451513
2018-05-10,0.008806915232657872
2018-05-11,0.005712318546735984
2018-05-14,0.0029028911503033972
2018-05-15,-0.010437954190173536
2018-05-16,0.0037445664643456066
2018-05-17,-0.0025239527142589388
2018-05-18,0.0006958518401514908
2018-05-21,0.009459401161002162
2018-05-22,-0.0025265570549957593
2018-05-23,0.003155518349622447
2018-05-24,-0.004002027507610025
2018-05-25,-0.0011433232416668165
2018-05-29,-0.01596239843243927
2018-05-30,0.01210946243952542
2018-05-31,-0.008702305027750604
2018-06-01,0.011232396281871141
2018-06-04,0.007423486803077318
2018-06-05,-0.0014854431956318102
2018-06-06,0.012170114994780412
2018-06-07,-0.00018360057473625394
2018-06-08,0.0036349899865084166
2018-06-11,0.0006694523291890412
2018-06-12,0.001360814527957698
2018-06-13,-0.00451249381515481
2018-06-14,-0.0006902186815977884
2018-06-15,-0.004144197764496242
2018-06-18,-0.0017023556110500719
2018-06-19,-0.007850539632756783
2018-06-20,-0.0011084661083856123
2018-06-21,-0.006209155138829777
2018-06-22,-0.0023606539063345112
2018-06-25,-0.014595491300854036
2018-06-26,0.0007868141127402302
2018-06-27,-0.008706069045867277
2018-06-28,0.006852466327113204
2018-06-29,-0.0019836545947400316
2018-07-02,0.005801426793538095
2018-07-03,-0.007917952803091582
2018-07-05,0.007754029877972142
2018-07-06,0.006416729222893567
2018-07-09,0.018348169639677017
2018-07-10,0.0027493069917611567
2018-07-11,-0.007020261107432238
2018-07-12,0.010443426546420297
2018-07-13,0.003953143083749738
2018-07-16,0.0028937837207019014
2018-07-17,0.0009369269284397919
2018-07-18,0.004454582989806237
2018-07-19,-0.00771775591354938
2018-07-20,0.001596874970124481
2018-07-23,0.002193647695792347
2018-07-24,0.004717520004434427
2018-07-25,0.010744531777498687
2018-07-26,0.00293363429344395
2018-07-27,-0.0049246772387411455
2018-07-30,-0.008041463360158875
2018-07-31,0.003944152641036867
2018-08-01,0.0014795843068431272
2018-08-02,0.004261309089602966
2018-08-03,0.004893396480693105
2018-08-06,0.001914370637190521
2018-08-07,0.005777300763870135
2018-08-08,-0.0031350769965245917
2018-08-09,-0.002036368497622668
2018-08-10,-0.007470947752339586
2018-08-13,-0.0041364066778236085
2018-08-14,0.003946557217475437
2018-08-15,-0.004802023650980291
2018-08-16,0.011989428723515197
2018-08-17,0.005154916972457481
2018-08-20,0.0005587041460547728
2018-08-21,0.002072395293280337
2018-08-22,-0.0009602231346187301
2018-08-23,-0.0018641100391323432
2018-08-24,0.005460585624094136
2018-08-27,0.013808712318204719
2018-08-28,0.0014888080856721828
2018-08-29,0.005225331324764488
2018-08-30,-0.004562399825416494
2018-08-31,0.0007145125715844174
2018-09-04,0.001368227637217093
2018-09-05,-0.0058702695303048166
2018-09-06,-8.658715619670699e-05
2018-09-07,-0.004020807218490714
2018-09-10,-0.0004638683918708015
2018-09-11,0.005718270463494375
2018-09-12,-0.0015969047490390345
2018-09-13,0.008601802621346053
2018-09-14,-0.0011559295257190783
2018-09-17,-0.005146475990708102
2018-09-18,0.007794631351393343
2018-09-19,0.009128467732297158
2018-09-20,0.009641652959090627
2018-09-21,-0.00027461895321681605
2018-09-24,-0.0043981449250962475
2018-09-25,-0.0028762181729462687
2018-09-26,-0.006163631796830368
2018-09-27,0.0025476473377489973
2018-09-28,-0.002290604753162928
2018-10-01,0.0037499422274029173
2018-10-02,0.0021052117291649147
2018-10-03,0.004143464507515604
2018-10-04,-0.009890032342037202
2018-10-05,-0.007905640304538705
2018-10-08,-0.0004374505740737831
2018-10-09,-0.0022047939965270237
2018-10-10,-0.034179937246686505
2018-10-11,-0.01946014336255707
2018-10-12,0.015303190954507058
2018-10-15,-0.007708461107147112
2018-10-16,0.025317253732542167
2018-10-17,-0.0026613866960786517
2018-10-18,-0.017518999255142984
2018-10-19,-0.000381517919500279
2018-10-22,-0.009230135538631673
2018-10-23,-0.01136485828182218
2018-10-24,-0.03559567502759487
2018-10-25,0.023157482550400108
2018-10-26,-0.01481496848222772
2018-10-29,-0.003972121805690089
2018-10-30,0.011928508212656976
2018-10-31,0.019716077256108487
2018-11-01,0.008767104765874011
2018-11-02,-0.009453516222948764
2018-11-05,0.00318171560928199
2018-11-06,0.007423320132876662
2018-11-07,0.02883503874580299
2018-11-08,-0.0011736074289368347
2018-11-09,-0.015773078916470812
2018-11-12,-0.0310564861757645
2018-11-13,-0.001667709438084258
2018-11-14,-0.013218273026018664
2018-11-15,0.015405465057216898
2018-11-16,0.005912425072163532
2018-11-19,-0.017848470876473968
2018-11-20,-0.02270019568827355
2018-11-21,0.0006665460604788153
2018-11-23,-0.008660650582959733
2018-11-26,0.020130378812481725
2018-11-27,0.005000472024519111
2018-11-28,0.02925717412599887
2018-11-29,-0.005841501975063103
2018-11-30,0.010086421891666133
2018-12-03,0.010374377183207455
2018-12-04,-0.039471054766316835
2018-12-06,-0.0021816517920559587
2018-12-07,-0.028004341051959158
2018-12-10,0.0006330900845099404
2018-12-11,-0.002704512215740925
2018-12-12,0.007151730005278785
2018-12-13,0.0018269739934243662
2018-12-14,-0.017321981840049308
2018-12-17,-0.019373932532031946
2018-12-18,0.0018307166824988422
2018-12-19,-0.012178121304575499
2018-12-20,-0.015694887361343265
2018-12-21,-0.027172475645476292
2018-12-24,-0.02386298201306295
2018-12-26,0.054517311229939046
2018-12-27,0.010324526528789941
2018-12-28,-0.004154866997228962
2018-12-31,0.012707363421339643
2019-01-02,-0.0008642349744961102
2019-01-03,-0.03299396560354747
2019-01-04,0.03547702352703833
2019-01-07,0.005534811775490626
2019-01-08,0.006480171156789246
2019-01-09,0.006877759486693637
2019-01-10,0.004236649878796702
2019-01-11,-0.0023570511349705874
2019-01-14,-0.0031292693389778506
2019-01-15,0.01011681939105637
2019-01-16,0.014464795099911127
2019-01-17,0.00498770557287188
2019-01-18,0.015146700584738744
2019-01-22,-0.015350262886562209
2019-01-23,0.000355819802130759
2019-01-24,0.001128117634044308
2019-01-25,0.011879777121925835
2019-01-28,-0.018246560767608944
2019-01-29,-0.001388979446760992
2019-01-30,0.015309728947732791
2019-01-31,-0.0022086696533360627
2019-02-01,0.0007489489550966998
2019-02-04,0.00761786769550095
2019-02-05,0.004884407575606822
2019-02-06,-0.00259605667915522
2019-02-07,-0.011129973798724869
2019-02-08,-0.0034544333622097876
2019-02-11,-0.004195743899488397
2019-02-12,0.01615617742808722
2019-02-13,0.0040245061325928835
2019-02-14,-0.002855834483671293
2019-02-15,0.01787337478761795
2019-02-19,-0.001379903922602876
2019-02-20,0.003920885576748989
2019-02-21,-0.0032282038476872527
2019-02-22,0.005597541803335944
2019-02-25,0.005883225563752284
2019-02-26,-0.0024554261223112177
2019-02-27,-0.006014001951976787
2019-02-28,-0.006474909423786363
2019-03-01,0.005602016730700781
2019-03-04,-0.007800130128547642
2019-03-05,0.0006362090262310076
2019-03-06,-0.007805842114291174
2019-03-07,-0.00952964270619744
2019-03-08,0.0007434125659354562
2019-03-11,0.01625138201769782
2019-03-12,0.0047125568850884605
2019-03-13,0.006767195066990063
2019-03-14,0.004398427001946169
2019-03-15,0.006301497270218125
2019-03-18,0.00856182571881118
2019-03-19,-0.00215140960755361
2019-03-20,-0.009188791218023976
2019-03-21,0.011895342280268156
2019-03-22,-0.02075379279911527
2019-03-25,-0.00018728239851729895
2019-03-26,0.0024648265155704993
2019-03-27,-0.002719722388035784
2019-03-28,0.0049361733052408225
2019-03-29,0.010192553216342087
2019-04-01,0.014281149955956328
2019-04-02,0.001055118826895204
2019-04-03,0.005859266161613675
2019-04-04,0.0025951036352728747
2019-04-05,0.003978648797145247
2019-04-08,0.00174310447978573
2019-04-09,-0.007998502120678605
2019-04-10,0.0032953840496913606
2019-04-11,-0.0031292885569111895
2019-04-12,0.006819687344405133
2019-04-15,-0.002169557648713886
2019-04-16,-0.0019026518118724937
2019-04-17,0.003496673110879933
2019-04-18,0.0020838055781909216
2019-04-22,-0.0007591610550063423
2019-04-23,0.008278405146052457
2019-04-24,-0.005370135914229348
2019-04-25,0.002674028800085597
2019-04-26,0.007509130923799385
2019-04-29,0.004278115378460064
2019-04-30,-0.0019173375883022128
2019-05-01,-0.005752805818795171
2019-05-02,-0.0035763647119997698
2019-05-03,0.009063974205229848
2019-05-06,-0.0020075857609067166
2019-05-07,-0.018393528893946524
2019-05-08,-0.002759735754058694
2019-05-09,-0.002161286773493125
2019-05-10,0.002756716971047374
2019-05-13,-0.027687287649727173
2019-05-14,0.00875105645527139
2019-05-15,0.005432385958091927
2019-05-16,0.007497427516812486
2019-05-17,-0.004077833730213529
2019-05-20,-0.004250590668924621
2019-05-21,0.008146305202611347
2019-05-22,-0.005287729278842856
2019-05-23,-0.009191782906366916
2019-05-24,0.0038743320308793332
2019-05-28,-0.009737786631858777
2019-05-29,-0.004017023463547176
2019-05-30,0.0014180505539387782
2019-05-31,-0.012556769938134888
2019-06-03,-0.002489474235928054
2019-06-04,0.0230441233537392
2019-06-05,0.009764397324418042
2019-06-06,0.00433409502679035
2019-06-07,0.010612977571383131
2019-06-10,0.007806715255048498
2019-06-11,0.0007386621500913271
2019-06-12,-0.00296892888742119
2019-06-13,0.0025446675275386252
2019-06-14,0.002359630100766419
2019-06-17,0.0019335472386604344
2019-06-18,0.01191984317409222
2019-06-19,0.004265780647248796
2019-06-20,0.00777266439761799
2019-06-21,0.0012227193119596666
2019-06-24,-0.002641780593443598
2019-06-25,-0.008926119820918323
2019-06-26,9.013071414501819e-05
2019-06-27,0.0042499287771069205
2019-06-28,0.006030765755423376
2019-07-01,0.009232280746207466
2019-07-02,0.0027033630507704793
2019-07-03,0.00547539075664779
2019-07-05,-0.00020621717919555214
2019-07-08,-0.005661969719944096
2019-07-09,0.000346556130740368
2019-07-10,0.0007885908313816925
2019-07-11,0.008951616895073908
2019-07-12,0.00902019377739785
2019-07-15,0.0015082658182003588
2019-07-16,-0.00039228214762287257
2019-07-17,-0.007397397080260097
2019-07-18,0.0013193355487491508
2019-07-19,-0.006239448875210888
2019-07-22,0.0013392703434239555
2019-07-23,0.007304122974811421
2019-07-24,-0.0007269212298879439
2019-07-25,-0.0036882815862690267
2019-07-26,0.006381792133123674
2019-07-29,0.0009497488957589876
2019-07-30,-0.0031216262791996237
2019-07-31,-0.0032325281233731816
2019-08-01,-0.011822357210708435
2019-08-02,-0.005389506534409219
2019-08-05,-0.03355050001580768
2019-08-06,0.01530349711731265
2019-08-07,-0.0010109852905956492
2019-08-08,0.014422910066857385
2019-08-09,0.0015234476507323602
2019-08-12,-0.010649350582168166
2019-08-13,0.016672110850295973
2019-08-14,-0.0326004972201582
2019-08-15,0.003941880785129821
2019-08-16,0.014953460862340761
2019-08-19,0.010607073928238498
2019-08-20,-0.0037660453526812167
2019-08-21,0.0069527670749730515
2019-08-22,-0.0018016889836915515
2019-08-23,-0.02651001160111605
2019-08-26,0.013249841625239421
2019-08-27,-0.0066783439930771845
2019-08-28,0.007835095504349451
2019-08-29,0.015750000049743362
2019-08-30,0.003860107035976431
2019-09-03,-0.013245245060960618
2019-09-04,0.009670500906529222
2019-09-05,0.018073084752313576
2019-09-06,0.0017110931515614235
2019-09-09,0.0023657203766295236
2019-09-10,-0.001165039519377312
2019-09-11,0.00516750480009017
2019-09-12,0.002170792797069612
2019-09-13,0.0029618375354678937
2019-09-16,-0.005076859015854215
2019-09-17,0.0003052552781593951
2019-09-18,-0.00014828343714208656
2019-09-19,-9.289747228293605e-05
2019-09-20,-0.007635575445278804
2019-09-23,0.00028918966109776575
2019-09-24,-0.010434081934405778
2019-09-25,0.00530652235633889
2019-09-26,-0.003861162287692916
2019-09-27,-0.001996458629949055
2019-09-30,0.002649107881070263
2019-10-01,-0.009802253499210429
2019-10-02,-0.02003777267969385
2019-10-03,0.004471995072476075
2019-10-04,0.016966972529122198
2019-10-07,-0.0027152101708936664
2019-10-08,-0.012235608909231678
2019-10-09,0.008828282709615784
2019-10-10,0.010649505363285319
2019-10-11,0.015239658717609437
2019-10-14,0.0012576357021890187
2019-10-15,0.016772893220440017
2019-10-16,-0.00391649530727683
2019-10-17,0.0032839530190210244
2019-10-18,-0.0010937369110883637
2019-10-21,0.007180181315553583
2019-10-22,-0.007925975924480546
2019-10-23,0.0035903157400883922
2019-10-24,0.0012403777835523773
2019-10-25,0.008937220949920716
2019-10-28,0.008771861733957016
2019-10-29,-0.001129818124159604
2019-10-30,0.0034716695675055314
2019-10-31,-0.0018820600192350242
2019-11-01,0.015970802788546925
2019-11-04,0.0002847318900613912
2019-11-05,-0.0027901660936796007
2019-11-06,0.001738648033128131
2019-11-07,0.009119969084896618
2019-11-08,0.004434900156577548
2019-11-11,-0.002581001723960079
2019-11-12,0.0007450732537258041
2019-11-13,-0.0014657158110759254
2019-11-14,0.0012080835316874796
2019-11-15,0.011133642178083145
2019-11-18,0.0025076412398156974
2019-11-19,-0.0012585641383857102
2019-11-20,-0.0061327421835605245
2019-11-21,-9.66670555646843e-05
2019-11-22,0.003179587936379522
2019-11-25,0.010872720721888473
2019-11-26,0.0021644897704366567
2019-11-27,0.003693695380168654
2019-11-29,-0.003229460674364255
2019-12-02,-0.010003122433375054
2019-12-03,-0.011202971366608553
2019-12-04,0.006684899212520494
2019-12-05,0.003580275437383168
2019-12-06,0.010847388162010578
2019-12-09,-0.0028075068271785626
2019-12-10,0.0011187026531811366
2019-12-11,-0.0007471749505197272
2019-12-12,0.011206702673501852
2019-12-13,0.0033154747485338518
2019-12-16,0.010564780650066137
2019-12-17,0.0028444257201780173
2019-12-18,-0.0010525070856061706
2019-12-19,0.0018322465707029825
2019-12-20,0.0031029581990658413
2019-12-23,0.0015895115065185914
2019-12-24,0.000177073966371487
2019-12-26,0.006349562385226248
2019-12-27,8.323596479397889e-05
2019-12-30,-0.00504095093509816
2019-12-31,0.0027581613837836154
2020-01-02,0.010882260604961022
2020-01-03,-0.009319391981658483
2020-01-06,0.003741571760610031
2020-01-07,-0.007724006468409336
2020-01-08,0.012208450030117113
2020-01-09,0.008149004726603504
2020-01-10,-0.003926122065633817
2020-01-13,0.003081198759480225
2020-01-14,0.0017214256383610866
2020-01-15,0.004625466566125676
2020-01-16,0.011156204002340943
2020-01-17,0.007071158574215721
2020-01-21,-0.003965514462873445
2020-01-22,-0.0016881704220222532
2020-01-23,-0.006158324875403619
2020-01-24,-0.014349258419000505
2020-01-27,-0.017419276310560873
2020-01-28,0.012803161187777088
2020-01-29,0.0019415686582879245
2020-01-30,0.0058877771627790405
2020-01-31,-0.030484225504103027
2020-02-03,0.007088090912020619
2020-02-04,0.018751379229008706
2020-02-05,0.019943862468682315
2020-02-06,0.0009620237695210157
2020-02-07,-0.009195866566485522
2020-02-10,0.005444514087013307
2020-02-11,0.0005538829259018382
2020-02-12,0.009750800142832862
2020-02-13,-0.0015504576251499924
2020-02-14,0.0010073886451858226
2020-02-18,-0.005918599257569106
2020-02-19,0.006520697083408383
2020-02-20,-0.005784570144403869
2020-02-21,-0.008439430492615042
2020-02-24,-0.036823732980366584
2020-02-25,-0.03292029131177417
2020-02-26,0.00025640837629700946
2020-02-27,-0.04791943260326693
2020-02-28,-0.010233786393789576
2020-03-02,0.05716173742555449
2020-03-03,-0.03180108396771101
2020-03-04,0.04579133139170538
2020-03-05,-0.032952127686885165
2020-03-06,-0.020014324561203948
2020-03-09,-0.07840323014760306
2020-03-10,0.05268503388146225
2020-03-11,-0.04701947685374226
2020-03-12,-0.0964726458503643
2020-03-13,0.09029587258994201
2020-03-16,-0.10479811826602058
2020-03-17,0.06309812812741009
2020-03-18,-0.07049676315124834
2020-03-19,0.021344766986922472
2020-03-20,-0.04486224586954058
2020-03-23,-0.02478397583699344
2020-03-24,0.09347220411541737
2020-03-25,0.009481248598375068
2020-03-26,0.059504079586783006
2020-03-27,-0.03596548165496297
2020-03-30,0.035288839239649566
2020-03-31,-0.01936672573984522
2020-04-01,-0.04705948344057764
2020-04-02,0.02830770514005497
2020-04-03,-0.024007529470975356
2020-04-06,0.06712166618655196
2020-04-07,0.005444820842181191
2020-04-08,0.03985359041940423
2020-04-09,0.016783536017708656
2020-04-13,-0.021681884515597716
2020-04-14,0.02382700089145568
2020-04-15,-0.024326836522015578
2020-04-16,0.00652735647699672
2020-04-17,0.028473489350681738
2020-04-20,-0.021225392212017448
2020-04-21,-0.028571450873394515
2020-04-22,0.014328645500014031
2020-04-23,0.0019312809383188298
2020-04-24,0.017598748217819496
2020-04-27,0.01938026172805992
2020-04-28,-0.004215201903183025
2020-04-29,0.024209812746048602
2020-04-30,-0.009812418125102921
2020-05-01,-0.02910061117158528
2020-05-04,0.0028619916233979317
2020-05-05,0.011927894642722994
2020-05-06,-0.007491269161556435
2020-05-07,0.009870011943747438
2020-05-08,0.016990037348613846
2020-05-11,-0.0026196861010350982
2020-05-12,-0.02154252097125502
2020-05-13,-0.020272305008075968
2020-05-14,0.017603509890483267
2020-05-15,0.004403112242163083
2020-05-18,0.030405725540025144
2020-05-19,-0.018297940628401087
2020-05-20,0.016056282997833814
2020-05-21,-0.003969671290656243
2020-05-22,0.001663202358906551
2020-05-26,0.022576823064216232
2020-05-27,0.02620520026701072
2020-05-28,-0.006849539827876814
2020-05-29,0.00010022582563526969
2020-06-01,0.004555642714992035
2020-06-02,0.009910377014996492
2020-06-03,0.01387864617965531
2020-06-04,0.0014274500761451972
2020-06-05,0.032931291810997645
2020-06-08,0.00929028575114415
2020-06-09,-0.0046585492903359425
2020-06-10,-0.005340322124650602
2020-06-11,-0.06945771505166601
2020-06-12,0.015053426136345194
2020-06-15,0.007707451254497286
2020-06-16,0.023235942101136015
2020-06-17,-0.006419462728237385
2020-06-18,0.0010275551298430563
2020-06-19,-0.0010702658628344815
2020-06-22,0.004534697185883516
2020-06-23,0.009313984400755943
2020-06-24,-0.026161030660518524
2020-06-25,0.018725837657940354
2020-06-26,-0.033341525984328296
2020-06-29,0.013687878774081244
2020-06-30,0.01493042721210431
2020-07-01,0.005953912770101478
2020-07-02,0.004775021396703636
2020-07-06,0.01759936109848911
2020-07-07,-0.017829765162356556
2020-07-08,0.009458544148012735
2020-07-09,-0.012861692525865477
2020-07-10,0.014742957362433848
2020-07-13,0.0029808899052381098
2020-07-14,0.02326321003912069
2020-07-15,0.005275317298755632
2020-07-16,-0.0024162334072477657
2020-07-17,-0.0029154586971339306
2020-07-20,0.00514511330455281
2020-07-21,0.0010661489043901783
2020-07-22,0.0028220759907395137
2020-07-23,-0.01788601719541896
2020-07-24,-0.0049219616222710375
2020-07-27,0.006433721942233217
2020-07-28,-0.005346346832055699
2020-07-29,0.009514599847494856
2020-07-30,-0.009879098481952245
2020-07-31,0.001532333716957011
2020-08-03,0.009049805130457812
2020-08-04,-0.0014135445979744348
2020-08-05,0.011188957856924222
2020-08-06,0.005912125432923954
2020-08-07,0.003751768381854164
2020-08-10,0.00878886934861271
2020-08-11,-0.002489470728691347
2020-08-12,0.012839576903001325
2020-08-13,-0.0029732188949968584
2020-08-14,-0.001066215202728947
2020-08-17,-0.0033533749371188674
2020-08-18,-0.005098171265151651
2020-08-19,-0.0018023848189007603
2020-08-20,0.0011202790759857516
2020-08-21,0.005290566790264362
2020-08-24,0.011474359185825424
2020-08-25,0.00742741225569887
2020-08-26,0.004063287225619481
2020-08-27,0.011292796717597336
2020-08-28,0.0015413068547430312
2020-08-31,-0.004940843246765173
2020-09-01,0.006404514903919072
2020-09-02,0.01571692267826062
2020-09-03,-0.03307511608535535
2020-09-04,-0.0006335812216584935
2020-09-08,-0.029264814409978905
2020-09-09,0.020464028748717777
2020-09-10,-0.019046919402740604
2020-09-11,0.005086527026075999
2020-09-14,0.013377427246408486
2020-09-15,-0.006189280890101897
2020-09-16,-0.002440227256502813
2020-09-17,-0.006362954260152209
2020-09-18,-0.00869674281561481
2020-09-21,-0.014596555298631944
2020-09-22,0.004680066406503088
2020-09-23,-0.023559594380772993
2020-09-24,0.006767036465057943
2020-09-25,0.014222756762456766
2020-09-28,0.015693848908035095
2020-09-29,-0.006246750226879812
2020-09-30,0.015007461283897985
2020-10-01,0.0019045916910934745
2020-10-02,-0.006427312389249951
2020-10-05,0.021650844626288995
2020-10-06,-0.014090257226874623
2020-10-07,0.018618746601660963
2020-10-08,0.0007841550797166863
2020-10-09,0.007547094083773324
2020-10-12,0.01800588258199447
2020-10-13,-0.008156899800578965
2020-10-14,-0.006849523125046344
2020-10-15,-0.00073382523832672
2020-10-16,0.002383357091713315
2020-10-19,-0.01600400799093555
2020-10-20,0.010633909694924719
2020-10-21,-0.0005308021260170546
2020-10-22,0.005085795259591174
2020-10-23,0.0023583035404713707
2020-10-26,-0.02246133719248731
2020-10-27,-0.009864485120776163
2020-10-28,-0.032869254576816526
2020-10-29,0.009866867615758187
2020-10-30,-0.009103969481671824
2020-11-02,0.01610233337804467
2020-11-03,0.02242421199495992
2020-11-04,0.014757157542879434
2020-11-05,0.02503051175274157
2020-11-06,-0.005866846990624156
2020-11-09,0.02861596235333935
2020-11-10,0.005677497391452573
2020-11-11,0.0012094918481980925
2020-11-12,-0.00895377517314971
2020-11-13,0.00897491005647248
2020-11-16,0.009501329185932455
2020-11-17,-0.010353187292107775
2020-11-18,-0.009950881423112371
2020-11-19,-0.002031389395061033
2020-11-20,-0.006911402065908019
2020-11-23,0.005986188739086162
2020-11-24,0.014581909288467029
2020-11-25,-0.0023690680560584237
2020-11-27,0.003283184997257555
2020-11-30,-0.009307578609346816
2020-12-01,0.012359397220727335
2020-12-02,0.005556868655842812
2020-12-03,-0.002642996208249565
2020-12-04,0.009520066850614867
2020-12-07,-0.005596041156755674
2020-12-08,0.003451447273906168
2020-12-09,-0.0027997200398236026
2020-12-10,-0.002131137962391211
2020-12-11,-0.004702130625856588
2020-12-14,-0.0019648165965682057
2020-12-15,0.015889559991269443
2020-12-16,0.0016023066878484528
2020-12-17,0.0053420393530459655
2020-12-18,-0.0052183590838719455
2020-12-21,0.009632317931026868
2020-12-22,-0.009081170476160938
2020-12-23,0.0066605816753447945
2020-12-24,0.005013663620064357
2020-12-28,0.009399630906382045
2020-12-29,-0.002644194828851324
2020-12-30,0.002243458632526561
2020-12-31,0.007704477277618577
2021-01-04,-0.011314002553128567
2021-01-05,0.0024968430014043076
2021-01-06,0.018727162253002125
2021-01-07,0.01366279324468567
2021-01-08,0.004732184188603994
2021-01-11,-0.0038885052198810006
2021-01-12,0.0056778895666029046
2021-01-13,0.0022901850873344046
2021-01-14,-0.005448830177490852
2021-01-15,-0.0020682415042902035
2021-01-19,0.0005556179320406044
2021-01-20,0.007976884660099229
2021-01-21,0.007442138685946246
2021-01-22,-0.0021374696194531397
2021-01-25,0.00010650393824746906
2021-01-26,-0.0025204526530594284
2021-01-27,-0.025555356110511532
2021-01-28,0.007059413689010825
2021-01-29,-0.02191130923280129
2021-02-01,0.01139781405031674
2021-02-02,0.017573696296593614
2021-02-03,-0.0005901268313052283
2021-02-04,0.013046133676147965
2021-02-05,-0.0012470023340022942
2021-02-08,0.00721818316192022
2021-02-09,2.6199246676953357e-05
2021-02-10,0.0024084944325678424
2021-02-11,0.0009552752051228113
2021-02-12,0.0019539432289048526
2021-02-16,0.000518630021317217
2021-02-17,0.003542629900808834
2021-02-18,-0.0025118826839548945
2021-02-19,0.0011290402353484074
2021-02-22,0.001947885408711881
2021-02-23,0.002472208027324445
2021-02-24,0.007906465275813984
2021-02-25,-0.01699859691472283
2021-02-26,-0.007543308158499001
2021-03-01,0.02302566545275983
2021-03-02,-0.007597103870041065
2021-03-03,-0.004477460904776478
2021-03-04,-0.011915571759291574
2021-03-05,0.017823205696692115
2021-03-08,0.005427633529657127
2021-03-09,0.00542013710727037
2021-03-10,0.009117820666391474
2021-03-11,0.006189232998527901
2021-03-12,0.008887589410453619
2021-03-15,0.004807361005464685
2021-03-16,0.00153597947562982
2021-03-17,0.004543266231770806
2021-03-18,-0.0027244025292773805
2021-03-19,-0.013369680801924569
2021-03-22,0.0025726187292206912
2021-03-23,-0.008179302287128865
2021-03-24,0.0014634476700196302
2021-03-25,0.006507863624333339
2021-03-26,0.014780929554877854
2021-03-29,-0.0005653608495809767
2021-03-30,-0.0021406043640808986
2021-03-31,-0.0030732814756799596
2021-04-01,0.007131046028221797
2021-04-05,0.011119155447322707
2021-04-06,-0.004811568236445204
2021-04-07,0.003622375099704005
2021-04-08,0.004079067554430201
2021-04-09,0.010893407360642274
2021-04-12,-0.0010008369326601136
2021-04-13,0.00010573213278273856
2021-04-14,0.001473216770320878
2021-04-15,0.012942767692625166
2021-04-16,0.005635013599294769
2021-04-19,-0.0027380364229267875
2021-04-20,-0.007310554400224353
2021-04-21,0.009101087689230274
2021-04-22,-0.01181676849761143
2021-04-23,0.013529050482306158
2021-04-26,-0.002003470892571228
2021-04-27,0.00034087918112976623
2021-04-28,-0.008685154275009694
2021-04-29,0.005657755758932797
2021-04-30,-0.004753094610431372
2021-05-03,0.007896914064316807
2021-05-04,0.002190857764020008
2021-05-05,0.005183054471275088
2021-05-06,0.011246337257362536
2021-05-07,0.007762445015949694
2021-05-10,-0.006124864769043489
2021-05-11,-0.015378240287763023
2021-05-12,-0.018993371691103024
2021-05-13,0.016394847024145252
2021-05-14,0.01255209191197762
2021-05-17,-0.0019476670387708866
2021-05-18,-0.01033559926711528
2021-05-19,-0.005905546624856343
2021-05-20,0.0064060528238865004
2021-05-21,0.0024864027847846227
2021-05-24,0.0045677766727147935
2021-05-25,-0.005390888502535406
2021-05-26,-0.0008191649556242278
2021-05-27,0.0022604898166712875
2021-05-28,0.0013535778455955403
2021-06-01,-0.00012098599124662438
2021-06-02,0.002043154975717594
2021-06-03,-0.0002686401413611046
2021-06-04,0.004894341468520788
2021-06-07,-0.004300887730258696
2021-06-08,-0.0002588695614793193
2021-06-09,-0.004666114756332796
2021-06-10,-0.0043951948705436405
2021-06-11,-0.00014243462581816182
2021-06-14,-0.00262247441098271
2021-06-15,-0.0037849199697049377
2021-06-16,-0.0051512034713145005
2021-06-17,-0.007392780531463186
2021-06-18,-0.01424318212432015
2021-06-21,0.017667982473922976
2021-06-22,0.004280592837817219
2021-06-23,-0.0008307905657572846
2021-06-24,0.009779679267840721
2021-06-25,0.003182757005714446
2021-06-28,-0.0006903948936921793
2021-06-29,0.0036183246410465076
2021-06-30,0.004728553224735587
2021-07-01,0.0050323804256618195
2021-07-02,0.0075670092629701695
2021-07-06,-0.00610706529369184
2021-07-07,0.005198693414195075
2021-07-08,-0.012561304552085052
2021-07-09,0.016596146111959774
2021-07-12,0.004376490937993235
2021-07-13,-0.0016914407982690787
2021-07-14,0.0027081362524009845
2021-07-15,0.0037115792852925452
2021-07-16,-0.007356821938653471
2021-07-19,-0.022402849957689562
2021-07-20,0.014270938913167186
2021-07-21,0.006774471067355627
2021-07-22,-0.001809385563444692
2021-07-23,0.008362294258728795
2021-07-26,0.0005103760091991642
2021-07-27,-0.003655092666301276
2021-07-28,-0.00608519271421331
2021-07-29,0.005164403850224838
2021-07-30,-0.005393772116430253
2021-08-02,-0.0034734982991513038
2021-08-03,0.009929999191877086
2021-08-04,-0.012177315794704576
2021-08-05,0.008368612544382096
2021-08-06,0.006616525807644948
2021-08-09,-0.0023418367145178875
2021-08-10,0.005499214193850562
2021-08-11,0.0072170308428119116
2021-08-12,0.0006604612250127003
2021-08-13,-0.0007020248973935296
2021-08-16,0.006680096268670335
2021-08-17,-0.007998710147441348
2021-08-18,-0.011437869307754152
2021-08-19,-0.00017270621332367894
2021-08-20,0.007386063030238948
2021-08-23,0.00588932237026973
2021-08-24,0.001894863610547875
2021-08-25,0.0011757658006264374
2021-08-26,-0.006837281254104359
2021-08-27,0.00811620920234037
2021-08-30,-8.639994578105072e-05
2021-08-31,-0.00243011206014871
2021-09-01,-0.0018791653996466876
2021-09-02,0.004754656810284101
2021-09-03,-0.0009447779858011693
2021-09-07,-0.003624528084026619
2021-09-08,-0.002441164324579567
2021-09-09,-0.005194971928846021
2021-09-10,-0.010720567230067812
2021-09-13,0.010906362488470482
2021-09-14,-0.00887088277887114
2021-09-15,0.007572999883382969
2021-09-16,-0.002396758285686454
2021-09-17,-0.007009165188826488
2021-09-20,-0.02332561563836359
2021-09-21,0.0005935408720331946
2021-09-22,0.009071006685092512
2021-09-23,0.012692577309469162
2021-09-24,0.002254464790986731
2021-09-27,0.002954158890264926
2021-09-28,-0.016861427612043182
2021-09-29,0.0022106753870400086
2021-09-30,-0.0175908001483454
2021-10-01,0.012331054160266709
2021-10-04,-0.013655980755003792
2021-10-05,0.01176071031168926
2021-10-06,0.004121389243817666
2021-10-07,0.012277305713459261
2021-10-08,-9.451969988474374e-05
2021-10-11,-0.009635352540618234
2021-10-12,-0.006216386046012178
2021-10-13,-0.0022094893436593764
2021-10-14,0.018469924479379146
2021-10-15,0.015283234603100649
2021-10-18,-0.00015255211307212808
2021-10-19,0.009545143171955907
2021-10-20,0.007011033241075627
2021-10-21,0.0028776680830845808
2021-10-22,0.0055574752010917605
2021-10-25,0.0014031998385339623
2021-10-26,0.00026200960128714085
2021-10-27,-0.009668157465067048
2021-10-28,0.008072464067555308
2021-10-29,0.0012491654045603331
2021-11-01,-0.0014367625894184217
2021-11-02,0.004271266510533682
2021-11-03,0.0019264165841525378
2021-11-04,-0.0060836486978757655
2021-11-05,0.0048782423126549875
2021-11-08,0.006200462741736024
2021-11-09,-0.006656760966539858
2021-11-10,-0.005741633012078742
2021-11-11,-0.0020911914311858605
2021-11-12,0.005398399750650371
2021-11-15,-0.003921513305030534
2021-11-16,0.005696975021832192
2021-11-17,-0.00868734862045908
2021-11-18,0.002649233057454647
2021-11-19,-0.004522094135016736
2021-11-22,0.0026092861309881233
2021-11-23,0.012518792651721263
2021-11-24,0.0015514940555031314
2021-11-26,-0.027566761469740166
2021-11-29,0.0050499340803147556
2021-11-30,-0.013457932221363633
2021-12-01,-0.0042436711435229054
2021-12-02,0.016656408822863084
2021-12-03,-0.005695336313827543
2021-12-06,0.020061443094173556
2021-12-07,0.017378627200086892
2021-12-08,0.002166797085131014
2021-12-09,0.0008589467884582099
2021-12-10,0.006110920408718414
2021-12-13,-0.011029268303490939
2021-12-14,0.0003444559999910004
2021-12-15,0.013833468546825909
2021-12-16,0.000648451561231388
2021-12-17,-0.017347452233186324
2021-12-20,-0.015474201772811065
2021-12-21,0.015155120100789466
2021-12-22,0.009802037428053953
2021-12-23,0.004842556335350204
2021-12-27,0.010553000326542309
2021-12-28,0.0017396383025705068
2021-12-29,0.002941620092215011
2021-12-30,-0.003784978932076944
2021-12-31,-0.0024447090851276833
2022-01-03,0.008468848717603748
2022-01-04,0.010721510488318686
2022-01-05,-0.013321945667398659
2022-01-06,-0.003886528964038448
2022-01-07,-0.0011136876115443698
2022-01-10,-0.0030364832602828764
2022-01-11,0.004295180864538938
2022-01-12,0.0016968755504470062
2022-01-13,-0.006831720515499282
2022-01-14,-0.007581298093714115
2022-01-18,-0.018505574135209493
2022-01-19,-0.0139640389737837
2022-01-20,-0.005341218118943104
2022-01-21,-0.013927645212438108
2022-01-24,0.004893628412490475
2022-01-25,-0.006343586427563182
2022-01-26,0.004231696974201686
2022-01-27,-0.0025810253644325118
2022-01-28,0.023614050412460775
2022-01-31,0.006630826660923749
2022-02-01,0.009403351011330219
2022-02-02,0.00888180408329991
2022-02-03,-0.014550456591744986
2022-02-04,0.0003423040764560419
2022-02-07,-0.0016498174917975216
2022-02-08,0.01793000773464904
2022-02-09,0.00719476635118723
2022-02-10,-0.017814508460077285
2022-02-11,-0.012964856339339227
2022-02-14,-0.0038514976697382715
2022-02-15,0.011064035815002017
2022-02-16,-0.0013036964356882598
2022-02-17,-0.02095827910236709
2022-02-18,-0.005845740939356145
2022-02-22,-0.013417592900393245
2022-02-23,-0.016953077116766847
2022-02-24,0.0008544582781012755
2022-02-25,0.02250878254944733
2022-02-28,-0.008732010130772041
2022-03-01,-0.017015506648935457
2022-03-02,0.02230958187482132
2022-03-03,-0.001637908041877207
2022-03-04,-0.008484665008740197
2022-03-07,-0.02128850316185363
2022-03-08,-0.002947133849123739
2022-03-09,0.025262652663868825
2022-03-10,-0.006250182048958454
2022-03-11,-0.00667361626986532
2022-03-14,0.0021371846570282945
2022-03-15,0.020972954976566156
2022-03-16,0.016087291741771547
2022-03-17,0.012360530395011393
2022-03-18,0.007539768589164728
2022-03-21,-0.0032805588961629787
2022-03-22,0.00697075401282404
2022-03-23,-0.01278157673033895
2022-03-24,0.010013864410227696
2022-03-25,0.00350260370673646
2022-03-28,0.0031389987236978625
2022-03-29,0.00727572154004417
2022-03-30,-0.00337657776727869
2022-03-31,-0.016321578981514286
2022-04-01,0.0034203940125608167
2022-04-04,0.004591747782583797
2022-04-05,-0.007706783989085638
2022-04-06,-0.009090668860247078
2022-04-07,0.0011571652788538644
2022-04-08,0.008377926568188521
2022-04-11,-0.011687612916056394
2022-04-12,-0.004209937308688617
2022-04-13,0.005246583728766502
2022-04-14,-0.004608379979758578
2022-04-18,0.0037218678270339216
2022-04-19,0.007840644817464508
2022-04-20,0.009899730860546758
2022-04-21,-0.010811827243689356
2022-04-22,-0.033598607598151725
2022-04-25,0.008326267798304886
2022-04-26,-0.026149692565382437
2022-04-27,0.011904233034352629
2022-04-28,0.01368793789715247
2022-04-29,-0.030665324205410165
2022-05-02,0.004301223355366019
2022-05-03,0.0033606328119735354
2022-05-04,0.028753649403788377
2022-05-05,-0.03421815060874847
2022-05-06,-0.0023891011078248413
2022-05-09,-0.01934175943662829
2022-05-10,-0.0020234523038016716
2022-05-11,-0.011414982868145528
2022-05-12,-0.004742983283333371
2022-05-13,0.014728080768238035
2022-05-16,0.0006387392880291365
2022-05-17,0.021350691959573013
2022-05-18,-0.03072364857811516
2022-05-19,-0.005949008111716676
2022-05-20,-0.00314385409462934
2022-05-23,0.02736622282520726
2022-05-24,0.0005011182678698661
2022-05-25,0.006889644957632538
2022-05-26,0.016725966594478156
2022-05-27,0.018987999016579105
2022-05-31,-0.0038276564179672394
2022-06-01,-0.008393122069968287
2022-06-02,0.010086032871752922
2022-06-03,-0.012303511007430105
2022-06-06,0.001670943318350221
2022-06-07,0.008001738401673314
2022-06-08,-0.008332248934277305
2022-06-09,-0.021103884758666855
2022-06-10,-0.03277033954460081
2022-06-13,-0.027749607446856284
2022-06-14,-0.004407611202580076
2022-06-15,0.010170680941266077
2022-06-16,-0.0279036147779015
2022-06-17,-0.0004181547171337978
2022-06-21,0.021594127765405063
2022-06-22,-0.003131292170216987
2022-06-23,0.003829983880739466
2022-06-24,0.029579892720943583
2022-06-27,-0.00019958559383400102
2022-06-28,-0.014501388455122836
2022-06-29,0.004693923180342676
2022-06-30,-0.010656612402087033
2022-07-01,0.010168782350639467
2022-07-05,-0.0024266784546797685
2022-07-06,0.0027796738184970304
2022-07-07,0.014312136009873497
2022-07-08,-0.00031207881557125824
2022-07-11,-0.007600957334539517
2022-07-12,-0.00725219081456651
2022-07-13,-0.006092447645250092
2022-07-14,-0.009779488782202807
2022-07-15,0.02278900986381268
2022-07-18,-0.007389103640208533
2022-07-19,0.028246976783880325
2022-07-20,0.001359954567982089
2022-07-21,0.0068492122786444265
2022-07-22,-0.006160120706028734
2022-07-25,0.005923979300316043
2022-07-26,-0.008783532064422051
2022-07-27,0.014384532389431947
2022-07-28,0.004687870978808303
2022-07-29,0.013862662400673341
2022-08-01,-0.007037369736741659
2022-08-02,-0.015470195814609403
2022-08-03,0.014905491360514282
2022-08-04,0.00015775972800849143
2022-08-05,0.007049527829182869
2022-08-08,-0.001312989749113499
2022-08-09,0.001067337670453199
2022-08-10,0.019138755823968255
2022-08-11,0.002346252010558095
2022-08-12,0.012619172244954008
2022-08-15,0.005443168705670769
2022-08-16,0.007339780658350853
2022-08-17,-0.0033026108426811203
2022-08-18,-0.0005150742098928125
2022-08-19,-0.009961203797609959
2022-08-22,-0.020138536808727205
2022-08-23,-0.005223604631078531
2022-08-24,-0.0002760874275724263
2022-08-25,0.01243272411060416
2022-08-26,-0.030469399421404524
2022-08-29,-0.005705703143267656
2022-08-30,-0.009167920624491217
2022-08-31,-0.006568475731332003
2022-09-01,0.006227286094983183
2022-09-02,-0.010061793364261915
2022-09-06,-0.004190570077740514
2022-09-07,0.01277758298080944
2022-09-08,0.0074144163566364826
2022-09-09,0.011987146366625095
2022-09-12,0.005852830921022353
2022-09-13,-0.0438506384107961
2022-09-14,0.00030765445919975676
2022-09-15,-0.003911812599549245
2022-09-16,-0.004762260444402137
2022-09-19,0.008545819136546578
2022-09-20,-0.01156458563639054
2022-09-21,-0.02024521571192403
2022-09-22,-0.0033111737274090403
2022-09-23,-0.014398738984797519
2022-09-26,-0.013335714117720849
2022-09-27,-0.002577003897063355
2022-09-28,0.019095727849523035
2022-09-29,-0.01278198180248829
2022-09-30,-0.013969239972537585
2022-10-03,0.02746748870675471
2022-10-04,0.029911957086175237
2022-10-05,-0.0017987394662320676
2022-10-06,-0.009396494023403415
2022-10-07,-0.021017017004587468
2022-10-10,-0.0034240341815682768
2022-10-11,-0.001698496131842469
2022-10-12,0.00043180190583053124
2022-10-13,0.03065812060706855
2022-10-14,-0.013395906958275326
2022-10-17,0.020901722456627265
2022-10-18,0.010998310965170859
2022-10-19,-0.004368524789964348
2022-10-20,-0.007103167703148404
2022-10-21,0.03189102240136591
2022-10-24,0.015420653162474351
2022-10-25,0.008001552162772103
2022-10-26,0.0009152308886419668
2022-10-27,0.0045952417545051276
2022-10-28,0.02871329537227855
2022-10-31,-0.0049424436971375555
2022-11-01,-0.0014323102348965762
2022-11-02,-0.0173460031651697
2022-11-03,-0.012009313318895246
2022-11-04,0.015072197736178527
2022-11-07,0.013940134670893785
2022-11-08,0.010255945778112358
2022-11-09,-0.01901006378801437
2022-11-10,0.043076429589061646
2022-11-11,0.000949191135872763
2022-11-14,-0.007643600291486209
2022-11-15,-0.0014047108629355518
2022-11-16,0.002763566726517689
2022-11-17,0.001560093943735142
2022-11-18,0.0056004219488808
2022-11-21,-0.0044696226141622926
2022-11-22,0.013336435198135273
2022-11-23,0.0032293416054731145
2022-11-25,0.0028836708466486284
2022-11-28,-0.01618480095816079
2022-11-29,-0.0020714996064275363
2022-11-30,0.0271845412302404
2022-12-01,-0.0038831573218995386
2022-12-02,-0.0008493506562451284
2022-12-05,-0.015420040984455903
2022-12-06,-0.010749341027045193
2022-12-07,-0.0007582758240867894
2022-12-08,0.006827609875176962
2022-12-09,-0.009457642744558372
2022-12-12,0.016072490427997136
2022-12-13,0.002526398665304909
2022-12-14,-0.004975566731081989
2022-12-15,-0.025021333961314677
2022-12-16,-0.0064559358061975335
2022-12-19,-0.006601301799074692
2022-12-20,0.0018774129945316772
2022-12-21,0.014981867448771266
2022-12-22,-0.012708655968260606
2022-12-23,0.004074151106956207
2022-12-27,-0.0005343765083716328
2022-12-28,-0.009977611420697464
2022-12-29,0.011766318287148806
2022-12-30,-0.0026218013212471456
2023-01-03,-0.005553486088462077
2023-01-04,0.0009649228103006118
2023-01-05,-0.00955805357599884
2023-01-06,0.02158535049600626
2023-01-09,-0.002391555688890102
2023-01-10,0.008558294834057718
2023-01-11,0.012272573760695132
2023-01-12,0.005059241418879253
2023-01-13,0.006427311944720934
2023-01-17,-0.01535672496839728
2023-01-18,-0.014331283972429745
2023-01-19,-0.0074314754909288044
2023-01-20,0.009401643296657188
2023-01-23,0.0078073930773000155
2023-01-24,0.008222446612680382
2023-01-25,-0.0019208316713082885
2023-01-26,0.006925129365238505
2023-01-27,0.0025342468298093852
2023-01-30,-0.008312055182672352
2023-01-31,0.01062662122246812
2023-02-01,-0.0030978242711808966
2023-02-02,0.0025650464525649296
2023-02-03,0.0008781451647421805
2023-02-06,0.000776564125450216
2023-02-07,0.009086770110949334
2023-02-08,-0.005887847366532424
2023-02-09,-0.008870478051062851
2023-02-10,0.004834966151317156
2023-02-13,0.011022079687203609
2023-02-14,-0.005760042108394342
2023-02-15,0.0038152349279861808
2023-02-16,-0.012750516440832818
2023-02-17,0.002475132082788242
2023-02-21,-0.023030456425200282
2023-02-22,-0.003086490820161005
2023-02-23,0.005522624923152065
2023-02-24,-0.008657714047166974
2023-02-27,0.00440106173642401
2023-02-28,-0.006715138588563287
2023-03-01,-0.0018424371163247976
2023-03-02,0.004062169750867236
2023-03-03,0.014806842396108511
2023-03-06,0.0030361661074607355
2023-03-07,-0.021747506468055622
2023-03-08,0.00030913382803168603
2023-03-09,-0.019100831033832037
2023-03-10,-0.011723208576846795
2023-03-13,-0.0028400599835951574
2023-03-14,0.009525140516091381
2023-03-15,-0.011042056282231476
2023-03-16,0.014048046557845906
2023-03-17,-0.014979542855070903
2023-03-20,0.010921731820299858
2023-03-21,0.012416457969078669
2023-03-22,-0.016036420527117762
2023-03-23,0.0026839661707353264
2023-03-24,0.0015005610043930927
2023-03-27,0.0037240541515783255
2023-03-28,-0.0018966541587815348
2023-03-29,0.010454994084723418
2023-03-30,0.004535657693601885
2023-03-31,0.013713298530529466
2023-04-03,0.009075033529890243
2023-04-04,-0.011038551170691805
2023-04-05,0.0004326393416684113
2023-04-06,0.0014288449019263278
2023-04-10,0.003125577524021434
2023-04-11,0.004126103199886224
2023-04-12,-0.0013731722124186965
2023-04-13,0.01112384544539742
2023-04-14,0.002516244381091551
2023-04-17,0.0037718308536051227
2023-04-18,0.0006760429304240981
2023-04-19,0.002433984874864725
2023-04-20,-0.003485362629860004
2023-04-21,-0.0009877539676325447
2023-04-24,0.0020791448454438436
2023-04-25,-0.012292142659774682
2023-04-26,-0.004995184253181538
2023-04-27,0.014529672867621581
2023-04-28,0.009418766167266831
2023-05-01,-0.0003525673428843403
2023-05-02,-0.011358121745622413
2023-05-03,-0.009601899066386206
2023-05-04,-0.008816235902917446
2023-05-05,0.021416764340271344
2023-05-08,-0.0021313461926886473
2023-05-09,-0.0016960166267014033
2023-05-10,5.390029229488649e-05
2023-05-11,-0.004587815435478503
2023-05-12,-0.0014549707022645086
2023-05-15,0.002039494249322421
2023-05-16,-0.01011393017289356
2023-05-17,0.014812833671380091
2023-05-18,0.00533850662725649
2023-05-19,-0.003066881816783512
2023-05-22,-0.002867211024291392
2023-05-23,-0.008095040316192858
2023-05-24,-0.009131234916288443
2023-05-25,0.0013441885116764077
2023-05-26,0.010370462486968742
2023-05-30,-0.0010135709232955625
2023-05-31,-0.008057940251658232
2023-06-01,0.007235020172537009
2023-06-02,0.02248761050642876
2023-06-05,-0.004841773973086029
2023-06-06,0.002213122911877109
2023-06-07,0.0035614843524751933
2023-06-08,0.0019172087944701564
2023-06-09,0.0004459202990804435
2023-06-12,0.006331843322965611
2023-06-13,0.006319919604641718
2023-06-14,-0.009243249025664417
2023-06-15,0.015352189892276708
2023-06-16,-0.0035024147803210527
2023-06-20,-0.005205808019692413
2023-06-21,-0.002810520154148367
2023-06-22,0.0002179272878313265
2023-06-23,-0.006752325019874555
2023-06-26,-0.0026236852076782233
2023-06-27,0.007453493250039973
2023-06-28,-0.00568562535378823
2023-06-29,0.012384063241223027
2023-06-30,0.010935584212406676
2023-07-03,0.0014802884330101709
2023-07-05,-0.004690348738733561
2023-07-06,-0.009572917938932602
2023-07-07,-0.0023755027346495827
2023-07-10,0.004441872377361509
2023-07-11,0.008044451434643208
2023-07-12,0.004354372201965925
2023-07-13,0.001894537462026739
2023-07-14,0.006648487948032951
2023-07-17,0.008033679347772386
2023-07-18,0.015036362922820366
2023-07-19,0.002281462861142362
2023-07-20,0.0017465544547336717
2023-07-21,-0.0023585391555753267
2023-07-24,0.009284865025811308
2023-07-25,-0.0007887375623226295
2023-07-26,-0.0021649669191456215
2023-07-27,-0.005618275310965039
2023-07-28,0.004466533813834732
2023-07-31,0.0037497737898445115
2023-08-01,0.007164238815004567
2023-08-02,-0.011049543255417602
2023-08-03,-0.0018952749145616813
2023-08-04,-0.003072150593569987
2023-08-07,0.010195691872012158
2023-08-08,-0.0034686929165792337
2023-08-09,-0.0058091824204785005
2023-08-10,0.000854064294461969
2023-08-11,0.0020914200728738876
2023-08-14,0.0014253492329229776
2023-08-15,-0.009806236561659385
2023-08-16,-0.002940360366062107
2023-08-17,-0.00915908967141253
2023-08-18,-0.0009920837452309017
2023-08-21,-6.1295032032987e-05
2023-08-22,-0.005795924339356587
2023-08-23,0.007526379139411677
2023-08-24,-0.009286045895096056
2023-08-25,0.004694419299502438
2023-08-28,0.005529010323541091
2023-08-29,0.011767674872798783
2023-08-30,0.00251585518995044
2023-08-31,-0.006197432705711579
2023-09-01,0.005718075669843582
2023-09-05,-0.006267087224907524
2023-09-06,-0.00724412334237959
2023-09-07,0.0005863140788453559
2023-09-08,0.004315064020250744
2023-09-11,0.00306998843910936
2023-09-12,-0.00047390704142101557
2023-09-13,-0.0016371609103784431
2023-09-14,0.011787820779629058
2023-09-15,-0.008425459270216486
2023-09-18,0.004614209621384204
2023-09-19,-0.0022695973780545104
2023-09-20,-0.002610463182825868
2023-09-21,-0.009054512990521377
2023-09-22,-0.0026922499183887993
2023-09-25,0.002148746987641448
2023-09-26,-0.011377213778113255
2023-09-27,-0.00019400571861016592
2023-09-28,0.007196377369828981
2023-09-29,-0.00815212685149376
2023-10-02,0.0007110674377542613
2023-10-03,-0.01672779556134979
2023-10-04,0.0063559674868382595
2023-10-05,0.0028070513255055935
2023-10-06,0.011086706644377683
2023-10-09,0.0060242273085786766
2023-10-10,0.0022696051719836878
2023-10-11,0.005413970043246904
2023-10-12,-0.0038140570088854736
2023-10-13,0.0030299316024967687
2023-10-16,0.00963692312863164
2023-10-17,-0.002304013666805927
2023-10-18,-0.014557605720204241
2023-10-19,-0.010824197736523938
2023-10-20,-0.008448383272874671
2023-10-23,-0.007416929020115604
2023-10-24,0.0033135823100588083
2023-10-25,0.002294109502799569
2023-10-26,-0.011857467587766835
2023-10-27,-0.013833641297645595
2023-10-30,0.017971282987186102
2023-10-31,-0.0029451183190385435
2023-11-01,0.012273981003523324
2023-11-02,0.0171788334272362
2023-11-03,0.00729991663191865
2023-11-06,0.0029366754487604838
2023-11-07,0.0021287254259911245
2023-11-08,0.0019524556068941865
2023-11-09,-0.00938901797314872
2023-11-10,0.015233626083455767
2023-11-13,-0.001685606951430027
2023-11-14,0.01596024710116433
2023-11-15,0.0053682272814404635
2023-11-16,0.002782896734228328
2023-11-17,0.0006169456637506456
2023-11-20,0.002686674656110576
2023-11-21,-0.0019883124911875757
2023-11-22,0.005443341262859627
2023-11-24,0.002499180113446382
2023-11-27,-0.0009084200930926696
2023-11-28,0.0008637251126611862
2023-11-29,0.0014731221078970688
2023-11-30,0.010306594917139212
2023-12-01,0.007290466623219261
2023-12-04,-0.0006948687497284254
2023-12-05,0.0008531843037589519
2023-12-06,-0.002567549306646805
2023-12-07,0.004222602268819594
2023-12-08,0.00447617510918233
2023-12-11,0.0014722796002071203
2023-12-12,0.006448985414058754
2023-12-13,0.01557848802948309
2023-12-14,0.006439655228803809
2023-12-15,0.0006787823163092817
2023-12-18,-0.002129679954806751
2023-12-19,0.00919868967484919
2023-12-20,-0.011423712208207117
2023-12-21,0.006431151168463834
2023-12-22,0.0011662865051027419
2023-12-26,0.0034119833742508243
2023-12-27,0.004033768277801974
2023-12-28,0.0028388443158951157
2023-12-29,-0.0005291321532917498
2024-01-02,0.0008847410906307504
2024-01-03,-0.0066694119508558716
2024-01-04,0.002415767670873618
2024-01-05,0.0019793775132361624
2024-01-08,0.010428729640912564
2024-01-09,-0.0031240954973984717
2024-01-10,0.0054454195865128435
2024-01-11,-0.0007446179599178241
2024-01-12,-0.0027900314187562433
2024-01-16,-0.0014896382814913048
2024-01-17,-0.003698631899866863
2024-01-18,0.005714706214431938
2024-01-19,0.014866045064480356
2024-01-22,0.004873464994697639
2024-01-23,-0.0032880453697079594
2024-01-24,-0.0010084802892916934
2024-01-25,0.00537550041320255
2024-01-26,-0.0013499746016361958
2024-01-29,0.006204547427723308
2024-01-30,0.004938239125371384
2024-01-31,-0.010107506083547366
2024-02-01,0.010902336538962743
2024-02-02,0.0060251018457519075
2024-02-05,-0.0035808547737902832
2024-02-06,0.002464416010366609
2024-02-07,0.0014301553217536149
2024-02-08,-0.003067731694568737
2024-02-09,-0.0008780554298230791
2024-02-12,0.0030768213636288887
2024-02-13,-0.013380871146461063
2024-02-14,0.0035294647583713136
2024-02-15,0.009515423192819337
2024-02-16,-0.005488896926233954
2024-02-20,-0.0030442517767456947
2024-02-21,0.0038509406725520928
2024-02-22,0.013952499070876548
2024-02-23,0.0009193562012675992
2024-02-26,-0.0031694770762915173
2024-02-27,-0.00186980065292
2024-02-28,-0.0008166800727810789
2024-02-29,-2.8069410326387375e-05
2024-03-01,0.0017342769741850146
2024-03-04,-0.004121010574971647
2024-03-05,-0.010457208120644252
2024-03-06,0.0013178386199236287
2024-03-07,0.0006810232947547043
2024-03-08,-0.0005796613678595314
2024-03-11,0.0024740187389502015
2024-03-12,0.008043502288247276
2024-03-13,0.0043640385995112625
2024-03-14,-0.0020262856211352626
2024-03-15,-0.0025408387804778483
2024-03-18,0.003539925643707569
2024-03-19,0.009738941341289338
2024-03-20,0.009626125778196038
2024-03-21,0.00923715340456162
2024-03-22,-0.009404689248741754
2024-03-25,-0.005387440635301246
2024-03-26,0.000347838814953935
2024-03-27,0.012752858568225358
2024-03-28,-0.0001399989466960383
2024-04-01,-0.009123956310189769
2024-04-02,-0.01255824947979561
2024-04-03,0.002693092841163409
2024-04-04,-0.0105911478450277
2024-04-05,0.009166468437423346
2024-04-08,-0.0002791140810254751
2024-04-09,-0.0022110758091650855
2024-04-10,-0.012299151266021775
2024-04-11,0.0016546262352132855
2024-04-12,-0.013469016114963945
2024-04-15,-0.004113088227030148
2024-04-16,0.00018948758370864772
2024-04-17,-0.00682411620223332
2024-04-18,0.001705135596886556
2024-04-19,0.005430408887011399
2024-04-22,0.007335684971920721
2024-04-23,0.007944179467921506
2024-04-24,0.00013154868555957395
2024-04-25,-0.009802848784763637
2024-04-26,0.005846386468508703
2024-04-29,0.004271154974892295
2024-04-30,-0.015611425475033108
2024-05-01,0.0005289527173742935
2024-05-02,0.009352146850200018
2024-05-03,0.02086925594938693
2024-05-06,0.0032267721383347553
2024-05-07,0.0030984750180056767
2024-05-08,0.005697012945639134
2024-05-09,0.01286324532078743
2024-05-10,0.0015434022310518436
2024-05-13,-0.001958234635065127
2024-05-14,0.005295487914340492
2024-05-15,0.010759091984159667
2024-05-16,-0.00303175795542228
2024-05-17,0.0038982921010148283
2024-05-20,-0.0070795748655686575
2024-05-21,0.004309369677806511
2024-05-22,-0.0074499732334178575
2024-05-23,-0.011492814503331991
2024-05-24,0.0025859990091490663
2024-05-28,-0.005893701729836479
2024-05-29,-0.010725529731905225
2024-05-30,0.0017660775116748793
2024-05-31,0.011472401443790385
2024-06-03,-0.006766678746164253
2024-06-04,0.00045631352563916356
2024-06-05,0.0039875466430249855
2024-06-06,-0.0008939474062326895
2024-06-07,0.0005054118518591161
2024-06-10,0.00040408622238632724
2024-06-11,0.0007276009499837177
2024-06-12,0.004032541563265124
2024-06-13,0.0018267967541408779
2024-06-14,-0.0031012642894874404
2024-06-17,0.007411693443682046
2024-06-18,0.003444210159050548
2024-06-20,0.00455325612523051
2024-06-21,-0.0053667513158264625
2024-06-24,0.008738523146574702
2024-06-25,-0.007590501798821426
2024-06-26,-0.0011455010994198937
2024-06-27,-0.001878087004608842
2024-06-28,0.003386307939991943
2024-07-01,0.0022320781732896506
2024-07-02,0.00631691425944677
2024-07-03,-4.161889869141533e-05
2024-07-05,0.00089326581372897
2024-07-08,0.002419980681832435
2024-07-09,0.0012590641506625459
2024-07-10,0.012122643400934918
2024-07-11,0.0010165200831990361
2024-07-12,0.008605486747379173
2024-07-15,0.01178206684103967
2024-07-16,0.01970740555265851
2024-07-17,0.005164264992436024
2024-07-18,-0.015701344325564477
2024-07-19,-0.013364241993822424
2024-07-22,0.004271744262950851
2024-07-23,-0.0012062548419124186
2024-07-24,-0.016389483516655284
2024-07-25,0.0015242363151758344
2024-07-26,0.014898600108827686
2024-07-29,-0.0029368605614291604
2024-07-30,0.009197071992277305
2024-07-31,0.00134811163328655
2024-08-01,-0.014647394428016467
2024-08-02,-0.012078657439329354
2024-08-05,-0.028486068026411945
2024-08-06,0.01081844877408399
2024-08-07,-0.007619081002923432
2024-08-08,0.01826950057835766
2024-08-09,0.0032066823902017847
2024-08-12,-0.0022238661223247043
2024-08-13,0.010949671624693895
2024-08-14,0.007196960946850206
2024-08-15,0.010835433922090609
2024-08-16,0.001507323885104979
2024-08-19,0.005002364143415169
2024-08-20,0.00010817000879602672
2024-08-21,0.00017550846488468554
2024-08-22,-0.004204478273309067
2024-08-23,0.012842013646930923
2024-08-26,0.00038497323791768484
2024-08-27,0.001937487955951494
2024-08-28,-0.001950121873812112
2024-08-29,0.007593761103789921
2024-08-30,0.006180837277317878
2024-09-03,-0.01567289265217986
2024-09-04,0.0013584920977997308
2024-09-05,-0.006354438790536623
2024-09-06,-0.0077924193507697085
2024-09-09,0.014026100819847773
2024-09-10,-0.005471144300137395
2024-09-11,0.00014304232408073134
2024-09-12,0.005205194883932074
2024-09-13,0.0077752904156669885
2024-09-16,0.004898679412938502
2024-09-17,0.0011862576267357302
2024-09-18,-0.0009130475748162195
2024-09-19,0.015638361941635308
2024-09-20,-0.002897547919129625
2024-09-23,0.0008536635750927175
2024-09-24,-0.001640556169793945
2024-09-25,-0.012037505546966774
2024-09-26,0.00690431218527318
2024-09-27,0.004384513109638914
2024-09-30,0.0031147407897681623
2024-10-01,-0.006216465206511428
2024-10-02,0.0019607099806482793
2024-10-03,-0.004945626829709741
2024-10-04,0.008503582650817791
2024-10-07,-0.011813810277374803
2024-10-08,0.004331538193347855
2024-10-09,0.012174572906749292
2024-10-10,-0.0009399636124856473
2024-10-11,0.011984651345283164
2024-10-14,0.004590445917048218
2024-10-15,-0.008641451196973949
2024-10-16,0.007991879634336714
2024-10-17,0.008574145786693419
2024-10-18,0.0026385523169498567
2024-10-21,-0.009634901366606365
2024-10-22,0.0004834204109705378
2024-10-23,-0.00816229903537813
2024-10-24,0.0021694634135723738
2024-10-25,-0.005334827876432339
2024-10-28,0.008016589915662134
2024-10-29,-0.0056330847759382624
2024-10-30,-4.5790593692755094e-05
2024-10-31,-0.011011141507839326
2024-11-01,0.0014506449468487943
2024-11-04,-0.007137897972700096
2024-11-05,0.011795529347584805
2024-11-06,0.04464070500339886
2024-11-07,-0.002385117191494376
2024-11-08,0.0037882226053860854
2024-11-11,0.004272392779914692
2024-11-12,-0.011913877292953711
2024-11-13,0.0008656153008292731
2024-11-14,-0.004334472514142725
2024-11-15,-0.004543091359048516
2024-11-18,0.0012762823960451282
2024-11-19,-0.005923361102325186
2024-11-20,0.0015354178772040176
2024-11-21,0.010493013692768009
2024-11-22,0.009652564312869007
2024-11-25,0.009431768944127906
2024-11-26,-6.0138918891242663e-05
2024-11-27,-5.8362286794908305e-05
2024-11-29,0.0038463881783269887
2024-12-02,-0.0031628698062485935
2024-12-03,-0.002186935838943803
2024-12-04,0.000516417429671142
2024-12-05,-0.006211743518125881
2024-12-06,-0.003509454277586581
2024-12-09,5.3848354163263824e-05
2024-12-10,-0.0062770555860365545
2024-12-11,-0.005043427976195784
2024-12-12,-0.0075565380849125395
2024-12-13,-0.0008018763306222568
2024-12-16,-0.005308102497015719
2024-12-17,-0.005448929600096417
2024-12-18,-0.026357291215298437
2024-12-19,0.0003319381331040722
2024-12-20,0.014615045621845018
2024-12-23,0.002499348543683759
2024-12-24,0.009159603310225696
2024-12-26,0.0006643925554137191
2024-12-27,-0.008049551816543312
2024-12-30,-0.008691610994273232
2024-12-31,-0.0008883513869347536
2025-01-02,-0.005098049271914914
2025-01-03,0.007635085477282543
2025-01-06,0.0003156754950146731
2025-01-07,-0.0027722250641807403
2025-01-08,0.004464851441322685
2025-01-10,-0.018183111136321352
2025-01-13,0.010871384296659799
2025-01-14,0.006951554560703141
2025-01-15,0.02070012963719311
2025-01-16,-0.0050716221773915784
2025-01-17,0.007616710192719447
2025-01-21,0.010237949329270796
2025-01-22,0.0035738479084375585
2025-01-23,0.00832470064732994
2025-01-24,-0.0011101451752107594
2025-01-27,0.00985807048680591
2025-01-28,0.0028417447719464536
2025-01-29,-0.0009237677772737005
2025-01-30,-0.005554090793846371
2025-01-31,-0.005406102522364432
2025-02-03,-0.0061980061417804344
2025-02-04,0.0030536506548776376
2025-02-05,0.009896426812819204
2025-02-06,0.0019850673946238155
2025-02-07,-0.00957389192462268
2025-02-10,0.0009897452808802364
2025-02-11,0.003937347054730868
2025-02-12,-0.005678527880578747
2025-02-13,0.007885381600385743
2025-02-14,-0.003299204494349877
2025-02-18,-0.0011572840745706255
2025-02-19,0.002059596191128714
2025-02-20,-0.01115789366856101
2025-02-21,-0.017474838059998537
2025-02-24,0.0023733711243985704
2025-02-25,0.005070615337280133
2025-02-26,-0.008236619373860122
2025-02-27,-0.0007131812860277399
2025-02-28,0.016213925888359407
2025-03-03,-0.013484312540289234
2025-03-04,-0.015283252736883763
2025-03-05,0.013067438823452874
2025-03-06,-0.008448384802518435
2025-03-07,0.003251766575548761
2025-03-10,-0.02244564439120473
2025-03-11,-0.012592613776479866
2025-03-12,-0.006033021699405755
2025-03-13,-0.01318156703178798
2025-03-14,0.018398292200696414
2025-03-17,0.01003672410760854
2025-03-18,-0.0047512432798219924
2025-03-19,0.007509712099174373
2025-03-20,0.0005970893752507675
2025-03-21,0.0023736127603714774
2025-03-24,0.014977407125008066
2025-03-25,0.0008333206505805567
2025-03-26,-0.0030593692155831626
2025-03-27,-0.001646024338561137
2025-03-28,-0.01683093823539509
2025-03-31,0.011120017549703985
2025-04-01,-0.000803752218536012
2025-04-02,0.006099181956412798
2025-04-03,-0.040094695028800836
2025-04-04,-0.05784012755057788
2025-04-07,-0.015331496651666568
2025-04-08,-0.007880420633462077
2025-04-09,0.07344520151766105
2025-04-10,-0.023968339435537913
2025-04-11,0.01734760431947553
2025-04-14,0.009299179509692855
2025-04-15,-0.0034951601048003366
2025-04-16,-0.018778506586740202
2025-04-17,-0.01325556874054171
2025-04-21,-0.025635054497339466
2025-04-22,0.026543761883944857
2025-04-23,0.010609007430569955
2025-04-24,0.015067280514173524
2025-04-25,-0.0012571827909183657
2025-04-28,0.003153538255317247
2025-04-29,0.004392839796775213
2025-04-30,0.004230836955199599
2025-05-01,0.003652178478323205
2025-05-02,0.010350958918440657
2025-05-05,-0.003929549219516086
2025-05-06,-0.01150148606998274
2025-05-07,0.0021483245437117406
2025-05-08,0.005962549852985604
2025-05-09,-0.0030415146770798023
2025-05-12,0.027322433596231214
2025-05-13,-0.015818576700786225
2025-05-14,-0.0031439888454497912
2025-05-15,-0.0005106325652852323
2025-05-16,0.011459306120362682
2025-05-19,0.007312756874327662
2025-05-20,-0.0023280374574936565
2025-05-21,-0.021776149895158806
2025-05-22,-0.0017136880224970935
2025-05-23,-0.007219247339317636
2025-05-27,0.019834502687679077
2025-05-28,-0.0037222472974326242
2025-05-29,0.003381489095397673
2025-05-30,0.003471193773326424
2025-06-02,0.0009672391594923949
2025-06-03,0.004468084759160319
2025-06-04,-0.0038915647575778526
2025-06-05,-0.0024870959036815306
2025-06-06,0.011186215678381376
2025-06-09,-0.00294927904884058
2025-06-10,0.0030961531108298973
2025-06-11,0.0006686198434219443
2025-06-12,0.007500430261122011
2025-06-13,-0.017101795033185953
2025-06-16,0.007695546082880927
2025-06-17,-0.006251117559660352
2025-06-18,-0.001161097479921402
2025-06-20,0.0015136769675633036
2025-06-23,0.0038628659847993636
2025-06-24,0.011620467642222541
2025-06-25,-0.0007761964717282414
2025-06-26,0.00893603369682114
2025-06-27,0.004155224637371728
2025-06-30,0.011130142676246846
2025-07-01,0.010977144531223976
2025-07-02,-0.002320884247973886
2025-07-03,0.009515697297804384
2025-07-07,-0.013731557861515947
2025-07-08,-0.003578568352781245
2025-07-09,0.0036378159288897416
2025-07-10,0.005764871409778164
2025-07-11,-0.005779786397533142
2025-07-14,0.001075171552486204
2025-07-15,-0.012352346003394377
2025-07-16,0.00668919242736766
2025-07-17,0.005769147590339651
2025-07-18,-0.001624165164958208
2025-07-21,0.0006613092089488557
2025-07-22,0.008853854616271657
2025-07-23,0.01202528739207448
2025-07-24,-0.005968837050221677
2025-07-25,0.004988791614068613
2025-07-28,-0.004873731607288911
2025-07-29,-0.007485050861334554
2025-07-30,1.890835925995012e-05
2025-07-31,-0.008853942531977622
2025-08-01,-0.01587038940400108
2025-08-04,0.015331364212033499
2025-08-05,0.0008184783524200431
2025-08-06,-0.001982517862188566
2025-08-07,-0.006096945325492337
2025-08-08,0.010473697626117797
2025-08-11,-0.003910559146628468
2025-08-12,0.013954105154252109
2025-08-13,0.011424158207402953
2025-08-14,0.001725838076751417
2025-08-15,0.0038406940812239342
2025-08-18,-0.0011011644513879986
2025-08-19,0.001766092667208578
2025-08-20,-0.001309289106448312
2025-08-21,-0.002144217767285239
2025-08-22,0.01870437758902829
2025-08-25,-0.007875394614189239
2025-08-26,0.001590105306883256
2025-08-27,0.0031105050043039742
2025-08-28,0.00039127689180464855
2025-08-29,-0.0005828737466201444
2025-09-02,-0.005143673712591394
2025-09-03,0.0038188335748611884
2025-09-04,0.008280402060057755
2025-09-05,-0.005691285641804434
2025-09-08,-0.00018950061447982054
2025-09-09,0.00929582357221401
2025-09-10,-0.003228694742034429
2025-09-11,0.017175070720892655
2025-09-12,-0.0007438808939183551
2025-09-15,0.0022353759249065263
2025-09-16,-0.004044414056788012
2025-09-17,0.007706114714764378
2025-09-18,0.0017237643944664404
2025-09-19,0.009716002519138324
2025-09-22,0.005208008224548512
2025-09-23,-0.0013842143124564107
2025-09-24,-0.004132137326024324
2025-09-25,-0.0071009049379872485
2025-09-26,0.005444824495262029
2025-09-29,0.0017841283108875942
2025-09-30,0.004776824985909823
2025-10-01,0.004152351112371177
2025-10-02,0.0012208326277247698
2025-10-03,0.008996327009633182
2025-10-06,-0.001738906462045618
2025-10-07,-0.0012314620911197957
2025-10-08,0.0005538126909739587
2025-10-09,-0.00762052099911988
2025-10-10,-0.019641231002536116
2025-10-13,0.012391355301136758
2025-10-14,0.00678458964671533
2025-10-15,0.0012796616536305788
2025-10-16,-0.01146880580505481
2025-10-17,0.002654543341284647
2025-10-20,0.013690318799805014
2025-10-21,-0.0008207196356994862
2025-10-22,-0.010233379609699339
2025-10-23,0.0007317965994882111
2025-10-24,0.00986074874349759
2025-10-27,0.007260928179559317
2025-10-28,0.0020687010942894075
2025-10-29,0.0011675865924702829
2025-10-30,-0.0008327208091179338
2025-10-31,-0.00335551705820153
2025-11-03,-0.007697789348740921
2025-11-04,0.0013905906939312325
2025-11-05,0.007397055857356319
2025-11-06,-0.007753124965699841
2025-11-07,0.002195077544075925
2025-11-10,0.00651847634781942
2025-11-11,0.013167944337236573
2025-11-12,0.007938965525856788
2025-11-13,-0.015975647554182806
2025-11-14,-0.008961166092637363
2025-11-17,-0.008182226738983382
2025-11-18,-0.0122353336893905
2025-11-19,0.0006454166802088658
2025-11-20,-0.007938508462807938
2025-11-21,0.010443143677185285
2025-11-24,0.0032251763386137986
2025-11-25,0.01640179774821137
2025-11-26,0.00979587187539529
2025-11-28,0.005439522787046709
2025-12-01,-0.010359181004087522
2025-12-02,0.0037735371945771153
2025-12-03,0.008479189735521652
2025-12-04,-0.0037756145252476198
2025-12-05,-0.00020024507769226326
2025-12-08,-0.005607638548881539
2025-12-09,-0.008076396280357286
2025-12-10,0.009351677494856507
2025-12-11,0.019620333011720163
2025-12-12,-0.003955424275100465
2025-12-15,-4.549821097962932e-05
2025-12-16,-0.005887549668458534
2025-12-17,-0.006209920781568808
2025-12-18,0.0015241074452987276
2025-12-19,0.004556743940518785
2025-12-22,0.0036224541721462202
2025-12-23,0.0022418136723397087
2025-12-24,0.006237708275212125
2025-12-26,-8.502303612612709e-05
2025-12-29,-0.006392230568881022
2025-12-30,-0.0011114381089260955
2025-12-31,-0.006329634420009814
2026-01-02,0.00634415080636122
2026-01-05,0.009766842529171756
2026-01-06,0.008402200235819519
2026-01-07,-0.007861725948368713
2026-01-08,0.0008531986153781435
2026-01-09,0.002751294018053072
2026-01-12,-0.0019956048873060266
2026-01-13,-0.014480780595310933
2026-01-14,-0.0023698450133373622
2026-01-15,0.006431087645237877
2026-01-16,-0.003319390487808394
2026-01-20,-0.012009965956236006
2026-01-21,0.01134028665269247
2026-01-22,0.0074412257152424045
2026-01-23,-0.005876632450180703
2026-01-26,0.010804172117326117
2026-01-27,-0.018598332657730803
2026-01-28,0.0018649136555598045
2026-01-29,-0.0027349732594319012
2026-01-30,-0.006535678940632687
2026-02-02,0.01457016918318945
2026-02-03,-0.0020841988873128584
2026-02-04,0.008877343377841775
2026-02-05,-0.014134099690017696
2026-02-06,0.026809332494095655
2026-02-09,-0.002857994181150735
2026-02-10,0.0002735666385486797
2026-02-11,0.003262216395687076
2026-02-12,-0.015301219372403084
2026-02-13,0.00019980304579668472
2026-02-17,0.004520946915553046
2026-02-18,0.0031290216854063164
2026-02-19,-0.004210579034492177
2026-02-20,0.005687461195360826
2026-02-23,-0.01797931254736133
2026-02-24,0.006011066190029222
2026-02-25,0.010936585604076902
2026-02-26,0.0008504234408415294
2026-02-27,-0.008635904175070028
2026-03-02,0.0008602496591627317
2026-03-03,-0.007207858135752437
2026-03-04,0.00381254811391191
2026-03-05,-0.017024429957001947
2026-03-06,-0.010426304537538655
2026-03-09,0.005554624017962153
2026-03-10,0.00017119999797775005
2026-03-11,-0.006069242783523011
2026-03-12,-0.018084845490777986
2026-03-13,-0.0034864780718314504
2026-03-16,0.009480045247301044
2026-03-17,0.0015262086897338315
2026-03-18,-0.017138372458175604
2026-03-19,-0.00446956118806232
2026-03-20,-0.007471411993764109
2026-03-23,0.010054703308644082
2026-03-24,0.00039269113143140105
2026-03-25,0.0029841638441151573
2026-03-26,-0.009078058098172205
2026-03-27,-0.02291955053819532
2026-03-30,0.001868331734729689
2026-03-31,0.026764164527464353
2026-04-01,0.005843058476430218
2026-04-02,-0.0013520137175263708
2026-04-06,0.00552054959134317
2026-04-07,0.003967233126060097
2026-04-08,0.029027311154613475
2026-04-09,0.0060843894982661895
2026-04-10,-0.005911883886633858
2026-04-13,0.009133584002644845
2026-04-14,0.004917484187126209
2026-04-15,0.0009361723808624018
2026-04-16,0.002855404163750256
2026-04-17,0.017997335370468485
2026-04-20,0.002059343492304532
2026-04-21,-0.0016389432645916796
2026-04-22,0.008265175839652026
2026-04-23,0.0007948981620652924
2026-04-24,-0.004535749241339866
2026-04-27,-0.0012334381682982615
2026-04-28,0.003720267122737743
2026-04-29,-0.0011751863333563286
2026-04-30,0.012732228158919195
2026-05-01,-0.0030077916953795527
2026-05-04,-0.01317583972962768
2026-05-05,0.007004106193816697
2026-05-06,0.010835487443657237
2026-05-07,-0.006011122882044569
2026-05-08,0.0014585677414069983
2026-05-11,0.0025661291556715836
2026-05-12,0.005805179208957274
2026-05-13,-0.005191067974008494
2026-05-14,0.005875800417255769
2026-05-15,-0.007038189626738163
2026-05-18,0.0011934518721339622
2026-05-19,-0.003730994770154517
2026-05-20,0.013172009885484953
2026-05-21,0.0036003205497731135
2026-05-22,0.005645958237954638
2026-05-26,-0.0037700029518635643
2026-05-27,0.000855591481949302
2026-05-28,-0.00012133210973723106
2026-05-29,0.004217969308866696
2026-06-01,-0.005665397348756748
2026-06-02,0.005385633837926959
2026-06-03,-0.004297111895022047
2026-06-04,0.02075455405111961
2026-06-05,-0.0059530358304631095
2026-06-08,-0.004721266541128345
2026-06-09,0.0011641646230175439
2026-06-10,-0.015243773313341286
2026-06-11,0.014508076544225066
2026-06-12,0.007868028878208269
2026-06-15,0.008854572854036008
2026-06-16,0.00937946602124959
2026-06-17,-0.010387856317448048
2026-06-18,0.001994691600552094
2026-06-22,0.0047576512544567065
2026-06-23,1.0330952876689246e-05
2026-06-24,0.004760200849970636
2026-06-25,-0.0022295210244580336
2026-06-26,0.006768946795833297
2026-06-29,0.004010781748986558
2026-06-30,0.0052461098718800045
2026-07-01,0.005898406153150336
2026-07-02,0.01430654270204379
2026-07-06,-0.0024416804299250286
2026-07-07,-0.0027397811521493714
2026-07-08,-0.00987362374312767
2026-07-09,0.005145687992904076
2026-07-10,0.0018876860544582484
2026-07-13,0.0001246473077408071
2026-07-14,0.004901704185715464
2026-07-15,0.004662551659883447
2026-07-16,0.004904267711504117
2026-07-17,-0.0013915298782370689
2026-07-20,-0.006259767307323855
2026-07-21,0.009419618278787272
2026-07-22,-0.0017787119203770642
2026-07-23,-0.00642661054536244
2026-07-24,0.00961359251123653
2026-07-27,0.003872227711051098
2026-07-28,0.009453217668137212
