Date,Rolling_30D_Ann_Volatility
2016-09-12,0.09931671077222524
2016-09-13,0.10457580416546998
2016-09-14,0.10388031956818898
2016-09-15,0.10878623443044266
2016-09-16,0.10891421211854979
2016-09-19,0.1037332186539568
2016-09-20,0.10381356433553353
2016-09-21,0.10755311108142414
2016-09-22,0.1079037892057844
2016-09-23,0.11061825499560757
2016-09-26,0.11476028785243271
2016-09-27,0.1143335680141564
2016-09-28,0.11583465444057985
2016-09-29,0.12123008777400164
2016-09-30,0.12456897381169448
2016-10-03,0.12499724537606542
2016-10-04,0.12499550506441788
2016-10-05,0.12687004436370694
2016-10-06,0.12549942469729466
2016-10-07,0.12541843544812836
2016-10-10,0.12595585956751568
2016-10-11,0.13054622672492983
2016-10-12,0.1307948162337712
2016-10-13,0.13129454263994536
2016-10-14,0.1315189745846311
2016-10-17,0.13120138409538676
2016-10-18,0.13455855516616394
2016-10-19,0.13504358904512026
2016-10-20,0.13587883578701282
2016-10-21,0.119454748268327
2016-10-24,0.1124289051108736
2016-10-25,0.10925763397203421
2016-10-26,0.10972516265983366
2016-10-27,0.103761756531251
2016-10-28,0.10590379360525803
2016-10-31,0.1061456879578002
2016-11-01,0.11005155403355077
2016-11-02,0.10704793576377956
2016-11-03,0.10574964159138464
2016-11-04,0.10306278794870212
2016-11-07,0.12195160282254908
2016-11-08,0.12184004496510874
2016-11-09,0.1371095524815684
2016-11-10,0.1379427678872421
2016-11-11,0.13575014545848327
2016-11-14,0.1349890119195893
2016-11-15,0.13491837922509528
2016-11-16,0.13376496332954949
2016-11-17,0.13475635803521316
2016-11-18,0.1354586975394205
2016-11-21,0.1356521219566892
2016-11-22,0.12977823485819098
2016-11-23,0.12985822197234348
2016-11-25,0.12855355965284732
2016-11-28,0.12986121050419985
2016-11-29,0.12949769605007475
2016-11-30,0.1270636886324645
2016-12-01,0.12684735637708638
2016-12-02,0.1246098448724074
2016-12-05,0.12506793104741762
2016-12-06,0.1245385991891387
2016-12-07,0.12596284161777008
2016-12-08,0.12471953040751638
2016-12-09,0.12411368069018937
2016-12-12,0.120795163127348
2016-12-13,0.12071095295187438
2016-12-14,0.11560564382372769
2016-12-15,0.11144797845702029
2016-12-16,0.11130391146778339
2016-12-19,0.11004201725301493
2016-12-20,0.09409927282034827
2016-12-21,0.09549065099365371
2016-12-22,0.07772303943658812
2016-12-23,0.06779399923956402
2016-12-27,0.0677994449687968
2016-12-28,0.07086870204845072
2016-12-29,0.07171496167505369
2016-12-30,0.07381282403859267
2017-01-03,0.07530167181096957
2017-01-04,0.07360246347435576
2017-01-05,0.07435729788030826
2017-01-06,0.07591789503304222
2017-01-09,0.0761075220516012
2017-01-10,0.07607219178363207
2017-01-11,0.07378796112707922
2017-01-12,0.07678643296766631
2017-01-13,0.07677701205086648
2017-01-17,0.08180370981468842
2017-01-18,0.08164767682566597
2017-01-19,0.08212008962600961
2017-01-20,0.08241443662048016
2017-01-23,0.07359522911409751
2017-01-24,0.07431069522097268
2017-01-25,0.07706819099473852
2017-01-26,0.07698421687371242
2017-01-27,0.07438679658328844
2017-01-30,0.07820331199085107
2017-01-31,0.07890768692653691
2017-02-01,0.07853120999993303
2017-02-02,0.07953079658986115
2017-02-03,0.09460274900904646
2017-02-06,0.0950043620070892
2017-02-07,0.0945572123285041
2017-02-08,0.09469017852709827
2017-02-09,0.09666574538615347
2017-02-10,0.09554529687050572
2017-02-13,0.09745818908035958
2017-02-14,0.09679263581520277
2017-02-15,0.0961653487976455
2017-02-16,0.09674610445414586
2017-02-17,0.09587948788609393
2017-02-21,0.09498126605794285
2017-02-22,0.09479950096843014
2017-02-23,0.09505876698101733
2017-02-24,0.09518109744064186
2017-02-27,0.09233612185320433
2017-02-28,0.09279592581066924
2017-03-01,0.09822180504649555
2017-03-02,0.10409683234211942
2017-03-03,0.10239601866541466
2017-03-06,0.10369609197233684
2017-03-07,0.10452344550628835
2017-03-08,0.10512457618323293
2017-03-09,0.10299747349045726
2017-03-10,0.10332453687080542
2017-03-13,0.10250876694574605
2017-03-14,0.09880559770731262
2017-03-15,0.09702752919955807
2017-03-16,0.09716554546956613
2017-03-17,0.101392235890988
2017-03-20,0.08782615583489532
2017-03-21,0.10113633575953125
2017-03-22,0.10131805452925065
2017-03-23,0.10159293432878368
2017-03-24,0.09992169773164332
2017-03-27,0.09961823625468522
2017-03-28,0.09931304203199658
2017-03-29,0.09782148369082438
2017-03-30,0.09592809622870588
2017-03-31,0.09645481218565362
2017-04-03,0.09644576563829835
2017-04-04,0.09581100191457197
2017-04-05,0.096105416898882
2017-04-06,0.0964987685549715
2017-04-07,0.09651068256613933
2017-04-10,0.09610720681147462
2017-04-11,0.09613079254767568
2017-04-12,0.08032345916413755
2017-04-13,0.0789097496838202
2017-04-17,0.08390881066234523
2017-04-18,0.08524534001645322
2017-04-19,0.08554961686378766
2017-04-20,0.09155279356369804
2017-04-21,0.09155355031121741
2017-04-24,0.10419276321975811
2017-04-25,0.11287013040035526
2017-04-26,0.11242918948262504
2017-04-27,0.11071752676402473
2017-04-28,0.11083877476526471
2017-05-01,0.10732152577947203
2017-05-02,0.10720620381922784
2017-05-03,0.09445327562007633
2017-05-04,0.0945137469324538
2017-05-05,0.09411398422797618
2017-05-08,0.09357949474258341
2017-05-09,0.0929824411783343
2017-05-10,0.0903907522060661
2017-05-11,0.08977395889936507
2017-05-12,0.08916676786893545
2017-05-15,0.08838915223166297
2017-05-16,0.0882622123628671
2017-05-17,0.11000423414828558
2017-05-18,0.11016075526682129
2017-05-19,0.11057840619715284
2017-05-22,0.11053236415676744
2017-05-23,0.11120054740243772
2017-05-24,0.11131458246414876
2017-05-25,0.11058178575638417
2017-05-26,0.10761494378587957
2017-05-30,0.10582939898155508
2017-05-31,0.10534498759930626
2017-06-01,0.10635584666928256
2017-06-02,0.10376794092176386
2017-06-05,0.10354177372055301
2017-06-06,0.09245657006032358
2017-06-07,0.08356248807394176
2017-06-08,0.08370563092581894
2017-06-09,0.0835127502290809
2017-06-12,0.08489957337257813
2017-06-13,0.08693293776792403
2017-06-14,0.08717046427370315
2017-06-15,0.08793327650846786
2017-06-16,0.087920041636245
2017-06-19,0.0933441831808416
2017-06-20,0.09429261590572437
2017-06-21,0.09421983499073312
2017-06-22,0.09423431911743801
2017-06-23,0.09431897328657157
2017-06-26,0.09432197403373871
2017-06-27,0.09524025644004146
2017-06-28,0.1017537813154846
2017-06-29,0.08029639631682799
2017-06-30,0.0797464792407877
2017-07-03,0.07961383105776089
2017-07-05,0.08007520015940296
2017-07-06,0.08274870003970725
2017-07-07,0.08295480745058259
2017-07-10,0.0815456354111678
2017-07-11,0.0814537166489045
2017-07-12,0.08073395902439666
2017-07-13,0.07870343603607849
2017-07-14,0.07616309891632432
2017-07-17,0.07524077303799526
2017-07-18,0.07682674134245947
2017-07-19,0.07802914177467274
2017-07-20,0.07953318795118673
2017-07-21,0.07950759924950133
2017-07-24,0.07930440363199182
2017-07-25,0.0830532113748302
2017-07-26,0.0830934724631431
2017-07-27,0.08612325651563485
2017-07-28,0.08543503000722286
2017-07-31,0.08524903511188045
2017-08-01,0.08003095294423845
2017-08-02,0.07960443590114433
2017-08-03,0.07981622853471476
2017-08-04,0.08156597871344147
2017-08-07,0.08106357367061594
2017-08-08,0.08130694107419092
2017-08-09,0.07889473637415641
2017-08-10,0.08788165605638563
2017-08-11,0.08473981301961503
2017-08-14,0.0883948478274616
2017-08-15,0.08815233193341517
2017-08-16,0.0877076803702027
2017-08-17,0.09598685671295808
2017-08-18,0.09564525160129302
2017-08-21,0.0956419131726718
2017-08-22,0.10041894748677299
2017-08-23,0.10099359886098307
2017-08-24,0.10058450665084007
2017-08-25,0.1003339749655937
2017-08-28,0.10031520759031169
2017-08-29,0.09939001691956859
2017-08-30,0.09834841937456412
2017-08-31,0.09735404314346464
2017-09-01,0.09735625181846222
2017-09-05,0.10463141458260744
2017-09-06,0.09978090525723966
2017-09-07,0.09879047699616068
2017-09-08,0.0965023932690252
2017-09-11,0.10395832924884549
2017-09-12,0.10520229235986768
2017-09-13,0.10519943162644088
2017-09-14,0.10510610958122078
2017-09-15,0.10486456166682516
2017-09-18,0.10319679523358727
2017-09-19,0.10279651660218579
2017-09-20,0.1027705986387526
2017-09-21,0.10315745222703523
2017-09-22,0.09055202013671072
2017-09-25,0.09236021238962357
2017-09-26,0.08839612043212779
2017-09-27,0.08994827889306077
2017-09-28,0.0901904756214716
2017-09-29,0.07782728895993338
2017-10-02,0.0779545085279515
2017-10-03,0.07806372652756523
2017-10-04,0.0726156424011192
2017-10-05,0.0715687753899195
2017-10-06,0.0710114700344811
2017-10-09,0.07188885428476106
2017-10-10,0.07172466598714797
2017-10-11,0.07176790618878841
2017-10-12,0.07260447236666806
2017-10-13,0.07202683054256935
2017-10-16,0.07395423812154554
2017-10-17,0.06132265347085646
2017-10-18,0.06152132817713439
2017-10-19,0.06322282392940688
2017-10-20,0.06504221477332653
2017-10-23,0.05437218121585096
2017-10-24,0.05678983118726998
2017-10-25,0.05901376498135158
2017-10-26,0.057764541526956495
2017-10-27,0.06286001385647912
2017-10-30,0.06348237288781128
2017-10-31,0.0635527898621973
2017-11-01,0.06356760936264039
2017-11-02,0.06219334732237846
2017-11-03,0.06121897534767149
2017-11-06,0.05751616657616798
2017-11-07,0.058209808832230536
2017-11-08,0.05762785517774334
2017-11-09,0.05858499724035934
2017-11-10,0.058769196135976136
2017-11-13,0.05844006235296173
2017-11-14,0.05877040861475107
2017-11-15,0.06496123125246589
2017-11-16,0.06508247596251708
2017-11-17,0.06768216713497549
2017-11-20,0.06717425092455513
2017-11-21,0.07074776410296486
2017-11-22,0.07158876066276443
2017-11-24,0.07059818027968887
2017-11-27,0.07058874574150759
2017-11-28,0.07703979009417507
2017-11-29,0.07691764866405713
2017-11-30,0.08894415996467435
2017-12-01,0.08783724358287859
2017-12-04,0.08799043670788298
2017-12-05,0.08917954543529086
2017-12-06,0.08662555224165551
2017-12-07,0.08476350678065492
2017-12-08,0.08762359696046382
2017-12-11,0.08360552292227684
2017-12-12,0.08391815658439378
2017-12-13,0.08397650914624631
2017-12-14,0.08808728112110287
2017-12-15,0.09169910585716326
2017-12-18,0.09239303952424786
2017-12-19,0.09321336799157186
2017-12-20,0.09299355261983787
2017-12-21,0.09319878209033226
2017-12-22,0.09298202131661128
2017-12-26,0.09337568132408489
2017-12-27,0.09301028240411162
2017-12-28,0.09257625158445786
2017-12-29,0.0904392741239555
2018-01-02,0.08962694681080853
2018-01-03,0.08721558001732657
2018-01-04,0.0881360371537815
2018-01-05,0.0879423619882568
2018-01-08,0.08743920790726119
2018-01-09,0.08754389367576915
2018-01-10,0.08829051667734439
2018-01-11,0.0828346231199052
2018-01-12,0.08727942434191797
2018-01-16,0.07554076284233796
2018-01-17,0.07844013005520856
2018-01-18,0.07621741489344888
2018-01-19,0.07402164224880453
2018-01-22,0.07545953869741148
2018-01-23,0.07553128936713571
2018-01-24,0.07353297728128656
2018-01-25,0.07364102341716502
2018-01-26,0.07471573497524167
2018-01-29,0.07878685657009545
2018-01-30,0.08790018201401735
2018-01-31,0.08520730856359482
2018-02-01,0.0845690646663431
2018-02-02,0.11658045247860357
2018-02-05,0.1808038012016636
2018-02-06,0.198369509101543
2018-02-07,0.1987330168941481
2018-02-08,0.23802517898800515
2018-02-09,0.24399245629017546
2018-02-12,0.2482276248884348
2018-02-13,0.24811787323117956
2018-02-14,0.2537241352773686
2018-02-15,0.2554704647299978
2018-02-16,0.255089637169194
2018-02-20,0.25445136322638284
2018-02-21,0.2552914875121111
2018-02-22,0.25519666152636206
2018-02-23,0.260921365273991
2018-02-26,0.26290566541405425
2018-02-27,0.26335859188235144
2018-02-28,0.26740477734473633
2018-03-01,0.2688964897927454
2018-03-02,0.2687892796283224
2018-03-05,0.2725628020527764
2018-03-06,0.27085484242022134
2018-03-07,0.27074777710340786
2018-03-08,0.27096341548579206
2018-03-09,0.27767552851472765
2018-03-12,0.27681342004305887
2018-03-13,0.27707075613017146
2018-03-14,0.2749419651772891
2018-03-15,0.2756185098335321
2018-03-16,0.27568214975473027
2018-03-19,0.26934679200886474
2018-03-20,0.2316065608378363
2018-03-21,0.21798960351806704
2018-03-22,0.23597869977801614
2018-03-23,0.20921409648325295
2018-03-26,0.22928952599360444
2018-03-27,0.23344856397368827
2018-03-28,0.23275735796512467
2018-03-29,0.22745297025191968
2018-04-02,0.22927313091924215
2018-04-03,0.2334922291016384
2018-04-04,0.23872939171757365
2018-04-05,0.23912656941656205
2018-04-06,0.24898189732194176
2018-04-09,0.24180669363464027
2018-04-10,0.2446098162609254
2018-04-11,0.244293633482665
2018-04-12,0.24388122995243738
2018-04-13,0.24087001783157305
2018-04-16,0.24244504760498106
2018-04-17,0.23966795817367711
2018-04-18,0.23973550417910616
2018-04-19,0.239455697278772
2018-04-20,0.24029624074642048
2018-04-23,0.23237170318447561
2018-04-24,0.23885580886411767
2018-04-25,0.23841190213615746
2018-04-26,0.24239538861125037
2018-04-27,0.24160355627095503
2018-04-30,0.2419472485697914
2018-05-01,0.23781028147237598
2018-05-02,0.23720887106384556
2018-05-03,0.23684837808657366
2018-05-04,0.22266482515011018
2018-05-07,0.20954868656609962
2018-05-08,0.18123837092309308
2018-05-09,0.17082796099714148
2018-05-10,0.17202279094777262
2018-05-11,0.1709394230628983
2018-05-14,0.16049706230455732
2018-05-15,0.16115093018511284
2018-05-16,0.1554465428989972
2018-05-17,0.15471247779209812
2018-05-18,0.13424691421696633
2018-05-21,0.1360249756964363
2018-05-22,0.12788838909874423
2018-05-23,0.12333364740529237
2018-05-24,0.12008170803276923
2018-05-25,0.1187489688317032
2018-05-29,0.12621593365696668
2018-05-30,0.1279555746540557
2018-05-31,0.130365955970446
2018-06-01,0.1335213939502003
2018-06-04,0.132226521247845
2018-06-05,0.1324205044643845
2018-06-06,0.11934473099232325
2018-06-07,0.1194291095593923
2018-06-08,0.1134006297128432
2018-06-11,0.11341500583430544
2018-06-12,0.11054286041668393
2018-06-13,0.1120658235137565
2018-06-14,0.11130261302511463
2018-06-15,0.11166008261608844
2018-06-18,0.10612846606573846
2018-06-19,0.10893140823689308
2018-06-20,0.10904053929473126
2018-06-21,0.10770489557906976
2018-06-22,0.10489358418307496
2018-06-25,0.11151596398219836
2018-06-26,0.1110864984107704
2018-06-27,0.10988635078911664
2018-06-28,0.11134608663306433
2018-06-29,0.11127715814769683
2018-07-02,0.11277185663536377
2018-07-03,0.11074407604957703
2018-07-05,0.11350248765899054
2018-07-06,0.11484498080834094
2018-07-09,0.12669512835293448
2018-07-10,0.1268449195288723
2018-07-11,0.11930211541861244
2018-07-12,0.11799657237310049
2018-07-13,0.11503813777481371
2018-07-16,0.11104392276674627
2018-07-17,0.10920364834420819
2018-07-18,0.10963239711191458
2018-07-19,0.10662292080149934
2018-07-20,0.10671940069931768
2018-07-23,0.10638236690443516
2018-07-24,0.1072395994829603
2018-07-25,0.1115174534781496
2018-07-26,0.11071132516707496
2018-07-27,0.11185402391168277
2018-07-30,0.11383646582857716
2018-07-31,0.11408568649657166
2018-08-01,0.11122340120010037
2018-08-02,0.11144961366927277
2018-08-03,0.10973181850854048
2018-08-06,0.1091239330033087
2018-08-07,0.09821649738236847
2018-08-08,0.09939837657454088
2018-08-09,0.09482103904866913
2018-08-10,0.09802227812565309
2018-08-13,0.0989635934763486
2018-08-14,0.09846645929069711
2018-08-15,0.09618228769996025
2018-08-16,0.09915873712116433
2018-08-17,0.09874171253826518
2018-08-20,0.08575732994180633
2018-08-21,0.08568776965374954
2018-08-22,0.08225297215150092
2018-08-23,0.07838218316079841
2018-08-24,0.07896562196224213
2018-08-27,0.08690413553142542
2018-08-28,0.08688272178214947
2018-08-29,0.08713036161437716
2018-08-30,0.08463099596022441
2018-08-31,0.08468266975307721
2018-09-04,0.08467562486225731
2018-09-05,0.08691041702299923
2018-09-06,0.0822610968287806
2018-09-07,0.08328158159492795
2018-09-10,0.08163302328560838
2018-09-11,0.07822555550631408
2018-09-12,0.07827454073870146
2018-09-13,0.0811939097367773
2018-09-14,0.0810519216908281
2018-09-17,0.08230899378482269
2018-09-18,0.08467949439659618
2018-09-19,0.08682500555639297
2018-09-20,0.08915874407226534
2018-09-21,0.08867640589626405
2018-09-24,0.08633872581014815
2018-09-25,0.08566321829077882
2018-09-26,0.08844837306303256
2018-09-27,0.0864528058479931
2018-09-28,0.08148808408972415
2018-10-01,0.08100360875061531
2018-10-02,0.08102039948403583
2018-10-03,0.08142298283703049
2018-10-04,0.08748867723174998
2018-10-05,0.09090941870289582
2018-10-08,0.08989839184892208
2018-10-09,0.08104345516792556
2018-10-10,0.12803005718694188
2018-10-11,0.13711245987942552
2018-10-12,0.145605765003147
2018-10-15,0.14665913080598977
2018-10-16,0.16593624990174421
2018-10-17,0.16533300495779749
2018-10-18,0.17240457605911835
2018-10-19,0.17221154852038892
2018-10-22,0.17380198645882558
2018-10-23,0.17478790423584906
2018-10-24,0.20012902157069087
2018-10-25,0.21163027362555603
2018-10-26,0.21450432504951714
2018-10-29,0.2144317608959103
2018-10-30,0.21656664227119637
2018-10-31,0.22372254758449597
2018-11-01,0.22332330187493984
2018-11-02,0.22409271054111216
2018-11-05,0.22471629550442543
2018-11-06,0.22658374913974638
2018-11-07,0.24342740920167513
2018-11-08,0.24318213075750522
2018-11-09,0.24681007880203795
2018-11-12,0.2604096064065538
2018-11-13,0.2600175402216938
2018-11-14,0.260766182726447
2018-11-15,0.2656687716231274
2018-11-16,0.26632987884064824
2018-11-19,0.2700654420378531
2018-11-20,0.27613013871934095
2018-11-21,0.2605079282656429
2018-11-23,0.25618251617364435
2018-11-26,0.2593733985457532
2018-11-27,0.25947818326525085
2018-11-28,0.26322601422194414
2018-11-29,0.2635346332579973
2018-11-30,0.2609612005294039
2018-12-03,0.26283834872501455
2018-12-04,0.28560927165602784
2018-12-06,0.2839745845688187
2018-12-07,0.27664626508292894
2018-12-10,0.26743405907977513
2018-12-11,0.2643956531950599
2018-12-12,0.2652296220303664
2018-12-13,0.2627171624707598
2018-12-14,0.25943728961907364
2018-12-17,0.2620198479665435
2018-12-18,0.26165261575054766
2018-12-19,0.26246726153040406
2018-12-20,0.26292285778343416
2018-12-21,0.2521703443243159
2018-12-24,0.25708563254362277
2018-12-26,0.31036520481342506
2018-12-27,0.30232454767443195
2018-12-28,0.3023276691394883
2018-12-31,0.3039785724690135
2019-01-02,0.2994867005820971
2019-01-03,0.3109023272732474
2019-01-04,0.32803191098835527
2019-01-07,0.3227942910108855
2019-01-08,0.3235199441697578
2019-01-09,0.32344531271816024
2019-01-10,0.31788839301602223
2019-01-11,0.31739973343694566
2019-01-14,0.30396396303302153
2019-01-15,0.3058649661285548
2019-01-16,0.3075988940519872
2019-01-17,0.3061649417473431
2019-01-18,0.2881776397008503
2019-01-22,0.29155574349558777
2019-01-23,0.27958751113570585
2019-01-24,0.279592977673351
2019-01-25,0.28131510988104863
2019-01-28,0.2860945552838029
2019-01-29,0.2860848345775793
2019-01-30,0.28447872497237753
2019-01-31,0.27799170679368723
2019-02-01,0.27800583824998915
2019-02-04,0.27533242796304264
2019-02-05,0.2700217200732736
2019-02-06,0.2551133805641294
2019-02-07,0.24558305345456102
2019-02-08,0.19474541963848427
2019-02-11,0.19412271351546215
2019-02-12,0.1975468522846886
2019-02-13,0.1952530476484132
2019-02-14,0.19561410308047872
2019-02-15,0.17000302764496725
2019-02-19,0.14167642221580337
2019-02-20,0.1414680248949295
2019-02-21,0.14194991356594064
2019-02-22,0.1416372362405408
2019-02-25,0.1419199644607303
2019-02-26,0.1419482142234709
2019-02-27,0.14314509549568774
2019-02-28,0.1432346360136149
2019-03-01,0.13856246780089526
2019-03-04,0.14057758931395795
2019-03-05,0.1339436121227982
2019-03-06,0.1278679441098326
2019-03-07,0.13125045526198603
2019-03-08,0.13123537033014449
2019-03-11,0.13513035448152713
2019-03-12,0.12334804944974626
2019-03-13,0.12409563426983165
2019-03-14,0.11740888629911506
2019-03-15,0.11787924196902078
2019-03-18,0.11964292709438631
2019-03-19,0.11879154364754892
2019-03-20,0.12213392873551904
2019-03-21,0.12569324443402474
2019-03-22,0.1366403997086599
2019-03-25,0.1360274969849581
2019-03-26,0.13510819150554776
2019-03-27,0.1280858853206983
2019-03-28,0.12831424736333374
2019-03-29,0.13063569666854027
2019-04-01,0.12702495031885488
2019-04-02,0.12680517513965864
2019-04-03,0.12729059438175258
2019-04-04,0.12662312180285046
2019-04-05,0.12624928524600482
2019-04-08,0.12554030397894061
2019-04-09,0.12797145506685664
2019-04-10,0.12632178338240352
2019-04-11,0.12487589455174809
2019-04-12,0.12527269104380162
2019-04-15,0.12266006952189461
2019-04-16,0.12307653476063377
2019-04-17,0.11985282762635055
2019-04-18,0.11474490626994062
2019-04-22,0.11501660795523592
2019-04-23,0.10880078983958195
2019-04-24,0.1105999137455466
2019-04-25,0.10962017018181384
2019-04-26,0.11067116100710508
2019-04-29,0.11009766121476942
2019-04-30,0.108564069384677
2019-05-01,0.11005236331606986
2019-05-02,0.10660269468276225
2019-05-03,0.10446872899096857
2019-05-06,0.08177690623148376
2019-05-07,0.10066498983554412
2019-05-08,0.10127529151047701
2019-05-09,0.10110396472720015
2019-05-10,0.10058914497423424
2019-05-13,0.1271407278455535
2019-05-14,0.12259880732502934
2019-05-15,0.12369501273925815
2019-05-16,0.12448464354459907
2019-05-17,0.12469520946809799
2019-05-20,0.12446484290418515
2019-05-21,0.1269052384065761
2019-05-22,0.12574404179633492
2019-05-23,0.1277723435252802
2019-05-24,0.12826802560084313
2019-05-28,0.12897236963818018
2019-05-29,0.1292157549809066
2019-05-30,0.1294097359811312
2019-05-31,0.13282098185447247
2019-06-03,0.13238199994711602
2019-06-04,0.150637768484873
2019-06-05,0.15148803178946507
2019-06-06,0.15161104480271564
2019-06-07,0.1548029076004168
2019-06-10,0.15493591335284182
2019-06-11,0.15436509526394104
2019-06-12,0.15448372900189583
2019-06-13,0.15388210140754494
2019-06-14,0.15370499894417117
2019-06-17,0.15143113462117933
2019-06-18,0.15533144129495988
2019-06-19,0.1452611755095592
2019-06-20,0.14609702566974192
2019-06-21,0.14571869083372066
2019-06-24,0.14614203067745965
2019-06-25,0.12193332442526617
2019-06-26,0.12028332778034041
2019-06-27,0.12000625225697956
2019-06-28,0.11945199765763997
2019-07-01,0.12024585272061998
2019-07-02,0.11879688059005251
2019-07-03,0.11788547934805076
2019-07-05,0.11601619563640155
2019-07-08,0.11340258117822459
2019-07-09,0.11346663635352679
2019-07-10,0.10772790488901281
2019-07-11,0.10732083415992424
2019-07-12,0.10855745158863327
2019-07-15,0.09779694467570704
2019-07-16,0.0968099475480154
2019-07-17,0.08371993851638956
2019-07-18,0.0811983957958214
2019-07-19,0.08489826926597681
2019-07-22,0.08109669230408985
2019-07-23,0.08079143516165709
2019-07-24,0.0810839681851574
2019-07-25,0.08148057738076193
2019-07-26,0.08253068452274696
2019-07-29,0.08257021001757459
2019-07-30,0.08384112485439457
2019-07-31,0.0792104521829746
2019-08-01,0.08716621575433776
2019-08-02,0.08621193296429518
2019-08-05,0.13038819921960107
2019-08-06,0.13844174195124165
2019-08-07,0.1360419685050365
2019-08-08,0.14236385628008758
2019-08-09,0.14194677238439146
2019-08-12,0.14434653232745198
2019-08-13,0.15007562357851967
2019-08-14,0.17706581974314708
2019-08-15,0.17662272432700274
2019-08-16,0.18272146419938928
2019-08-19,0.18494647300265996
2019-08-20,0.18523447116373748
2019-08-21,0.18640326592635545
2019-08-22,0.18447059354705514
2019-08-23,0.19695724890855515
2019-08-26,0.20146808807971006
2019-08-27,0.2020631331102208
2019-08-28,0.20298279658603882
2019-08-29,0.20860606263987413
2019-08-30,0.20822513322614492
2019-09-03,0.21160200047834074
2019-09-04,0.2124797107752763
2019-09-05,0.21920360611563294
2019-09-06,0.2189506208071304
2019-09-09,0.21828687075864425
2019-09-10,0.21830549092471346
2019-09-11,0.21857143006537724
2019-09-12,0.2183617699935679
2019-09-13,0.21527391129838136
2019-09-16,0.21519481974363888
2019-09-17,0.1886412264920919
2019-09-18,0.18456229209796066
2019-09-19,0.18446636419560264
2019-09-20,0.18229293990239515
2019-09-23,0.18229410689590397
2019-09-24,0.18217656576875135
2019-09-25,0.1765233731783783
2019-09-26,0.14679523802383102
2019-09-27,0.14694287428556174
2019-09-30,0.14121960108842196
2019-10-01,0.1413968500766066
2019-10-02,0.1527732897733689
2019-10-03,0.15191115667916844
2019-10-04,0.15995574340100988
2019-10-07,0.138905039901065
2019-10-08,0.1390091221350892
2019-10-09,0.13965596990980975
2019-10-10,0.1411419663070761
2019-10-11,0.140677915560713
2019-10-14,0.14037845080288575
2019-10-15,0.1415053954357014
2019-10-16,0.14029183857987332
2019-10-17,0.13108327800771621
2019-10-18,0.13114906686521616
2019-10-21,0.1324431844269781
2019-10-22,0.13473408932952388
2019-10-23,0.13434146246972944
2019-10-24,0.1342678572616877
2019-10-25,0.13633351043899763
2019-10-28,0.13716962197175825
2019-10-29,0.1373074240162443
2019-10-30,0.13742673314195855
2019-10-31,0.13767072866409796
2019-11-01,0.14153928794357037
2019-11-04,0.1415397371109075
2019-11-05,0.1374119284252254
2019-11-06,0.13709588126006442
2019-11-07,0.13738280277851098
2019-11-08,0.1368183810869388
2019-11-11,0.13767597439363513
2019-11-12,0.13276800491863303
2019-11-13,0.11456372116440465
2019-11-14,0.11471536097196153
2019-11-15,0.10986306013867136
2019-11-18,0.10845152671207428
2019-11-19,0.0989706648076557
2019-11-20,0.10175184502948016
2019-11-21,0.09970294011011223
2019-11-22,0.0925926383071832
2019-11-25,0.09562867653088795
2019-11-26,0.08597328539300511
2019-11-27,0.0839834342540799
2019-11-29,0.08560981779028129
2019-12-02,0.09235723005983575
2019-12-03,0.09865190579164287
2019-12-04,0.09563327080652101
2019-12-05,0.09563176287978796
2019-12-06,0.09902115491246082
2019-12-09,0.09797663027430799
2019-12-10,0.0957717391451161
2019-12-11,0.09568313934405724
2019-12-12,0.09953361601411478
2019-12-13,0.09896642307102117
2019-12-16,0.09344473888515166
2019-12-17,0.09336195590623954
2019-12-18,0.09272821316955238
2019-12-19,0.09272620540329853
2019-12-20,0.09032930899010606
2019-12-23,0.08998807116111707
2019-12-24,0.08919397949920722
2019-12-26,0.09008578969160633
2019-12-27,0.08967902426541387
2019-12-30,0.09198848811530709
2019-12-31,0.08774236625668214
2020-01-02,0.09178932875551797
2020-01-03,0.09698209773389055
2020-01-06,0.09435054337469262
2020-01-07,0.09826381607528974
2020-01-08,0.10286282050966028
2020-01-09,0.10109744937677029
2020-01-10,0.10246927729277447
2020-01-13,0.10237876862450501
2020-01-14,0.10133465429813004
2020-01-15,0.09521228477119424
2020-01-16,0.08956753660121833
2020-01-17,0.0897112523210199
2020-01-21,0.09195853738253332
2020-01-22,0.0895657148263149
2020-01-23,0.0917510117505523
2020-01-24,0.10361578446509398
2020-01-27,0.117450158447694
2020-01-28,0.11871713018332342
2020-01-29,0.11857582355969803
2020-01-30,0.1161158056910879
2020-01-31,0.1475518940267185
2020-02-03,0.14895834191019247
2020-02-04,0.15833945666737456
2020-02-05,0.1677397837602729
2020-02-06,0.1677412445046544
2020-02-07,0.17046897210085432
2020-02-10,0.17024210038963425
2020-02-11,0.17022631806006558
2020-02-12,0.17107372413922337
2020-02-13,0.17124887887024595
2020-02-14,0.16883844379754576
2020-02-18,0.16731241589786924
2020-02-19,0.16788415230916798
2020-02-20,0.16707952441698257
2020-02-21,0.16605146834733525
2020-02-24,0.19659926918656803
2020-02-25,0.21732715163184663
2020-02-26,0.21692067568598317
2020-02-27,0.25409857269880975
2020-02-28,0.2535532848016711
2020-03-02,0.30705851924751343
2020-03-03,0.31693974656963697
2020-03-04,0.3481066706857757
2020-03-05,0.3592989315947805
2020-03-06,0.36249699603485863
2020-03-09,0.42153111393573317
2020-03-10,0.4526541504444285
2020-03-11,0.4668793837608016
2020-03-12,0.5353174792728194
2020-03-13,0.606601255991292
2020-03-16,0.6678237460982698
2020-03-17,0.6981996526291434
2020-03-18,0.7176821403464427
2020-03-19,0.718194156485893
2020-03-20,0.7246286462523622
2020-03-23,0.7256884406675568
2020-03-24,0.7859729381583377
2020-03-25,0.7873053128862285
2020-03-26,0.8101168691522543
2020-03-27,0.8143504933212392
2020-03-30,0.8235930800428508
2020-03-31,0.8244054573863348
2020-04-01,0.8312881884575274
2020-04-02,0.8382503716481682
2020-04-03,0.8395687972194531
2020-04-06,0.8626236252271295
2020-04-07,0.8589307530591987
2020-04-08,0.8680791470146391
2020-04-09,0.8586999117183153
2020-04-13,0.8605145488883368
2020-04-14,0.8464232369578788
2020-04-15,0.8443789770376396
2020-04-16,0.8329290820397718
2020-04-17,0.8325291628977486
2020-04-20,0.8327820401832604
2020-04-21,0.804382821429192
2020-04-22,0.7905413553820017
2020-04-23,0.7780069914944421
2020-04-24,0.7215279547353686
2020-04-27,0.6767198373731497
2020-04-28,0.5956572232220881
2020-04-29,0.5736185260665011
2020-04-30,0.5296023587635029
2020-05-01,0.5377644861684251
2020-05-04,0.5165121650368176
2020-05-05,0.5078864478330826
2020-05-06,0.44006483950273484
2020-05-07,0.44010323301524334
2020-05-08,0.41032451742888065
2020-05-11,0.3936652409513173
2020-05-12,0.38931905549326534
2020-05-13,0.3897692338946361
2020-05-14,0.3624967679870502
2020-05-15,0.35546740023091455
2020-05-18,0.3534440673699957
2020-05-19,0.30808470207622685
2020-05-20,0.31040994861407933
2020-05-21,0.290716981370128
2020-05-22,0.2871669106198124
2020-05-26,0.28521223075390223
2020-05-27,0.2868261307592142
2020-05-28,0.27680333254401057
2020-05-29,0.27677924115083286
2020-06-01,0.26619475741439325
2020-06-02,0.25744571943233274
2020-06-03,0.2405854403966612
2020-06-04,0.23901923472018144
2020-06-05,0.25282309344913095
2020-06-08,0.250459892638232
2020-06-09,0.2482043142262464
2020-06-10,0.2485596359904349
2020-06-11,0.3208678720905745
2020-06-12,0.32160635982603053
2020-06-15,0.30815014118207334
2020-06-16,0.3135863609998508
2020-06-17,0.3139842465269853
2020-06-18,0.31242307063493296
2020-06-19,0.3120983070536882
2020-06-22,0.3093748201997135
2020-06-23,0.3095130974823653
2020-06-24,0.3129827254006765
2020-06-25,0.30817889107031304
2020-06-26,0.32400391651379357
2020-06-29,0.32557128038067784
2020-06-30,0.3171879144203361
2020-07-01,0.3111839645390632
2020-07-02,0.3088375200879307
2020-07-06,0.31104361419765536
2020-07-07,0.31712941344524537
2020-07-08,0.3122902349038238
2020-07-09,0.30693545456860755
2020-07-10,0.3084294545691546
2020-07-13,0.3083998997829425
2020-07-14,0.31447821873314014
2020-07-15,0.3138251472284164
2020-07-16,0.31220523272825523
2020-07-17,0.3125133470484736
2020-07-20,0.2984704563156847
2020-07-21,0.2973892045967324
2020-07-22,0.29704442362374095
2020-07-23,0.30148395951743917
2020-07-24,0.21809525755839454
2020-07-27,0.215201008769023
2020-07-28,0.2156382910012139
2020-07-29,0.20728734279733127
2020-07-30,0.2086501649771393
2020-07-31,0.20865123297821742
2020-08-03,0.20973729028190624
2020-08-04,0.20971638515265087
2020-08-05,0.21040232341438753
2020-08-06,0.1937150814298107
2020-08-07,0.18758610631910305
2020-08-10,0.1556106638836599
2020-08-11,0.15337646916293546
2020-08-12,0.1520623854908179
2020-08-13,0.15265572827245766
2020-08-14,0.15284020947233234
2020-08-17,0.14656448548356513
2020-08-18,0.13616361608742314
2020-08-19,0.13473493294330097
2020-08-20,0.12753922481408442
2020-08-21,0.12224803924326345
2020-08-24,0.12539069514781798
2020-08-25,0.1095628916227951
2020-08-26,0.10926251533807252
2020-08-27,0.11214762611904139
2020-08-28,0.11119497215077559
2020-08-31,0.11265454558234606
2020-09-01,0.1134131125856763
2020-09-02,0.12020352423616279
2020-09-03,0.1474563727040965
2020-09-04,0.14625137969867924
2020-09-08,0.1713763541239778
2020-09-09,0.17940222698452668
2020-09-10,0.18752303152250857
2020-09-11,0.18514560685351752
2020-09-14,0.18845056244913513
2020-09-15,0.1884296087037044
2020-09-16,0.18857425576044345
2020-09-17,0.18728115361418962
2020-09-18,0.18841378340260298
2020-09-21,0.19272820262480048
2020-09-22,0.19135718295772716
2020-09-23,0.2024820166198865
2020-09-24,0.1995113990049847
2020-09-25,0.204651457273785
2020-09-28,0.21031908267379368
2020-09-29,0.21082898922891033
2020-09-30,0.21509275761898078
2020-10-01,0.21507730570178127
2020-10-02,0.2159123777361805
2020-10-05,0.2244568058112855
2020-10-06,0.22582997707136498
2020-10-07,0.23143561276084879
2020-10-08,0.2311340577899984
2020-10-09,0.22978371390251054
2020-10-12,0.2357475284283761
2020-10-13,0.2365570539109488
2020-10-14,0.23667376087332034
2020-10-15,0.23181028073817536
2020-10-16,0.21066188932851784
2020-10-19,0.21597923718585596
2020-10-20,0.1994582929069745
2020-10-21,0.19098315647997113
2020-10-22,0.1820671077873315
2020-10-23,0.181752278988541
2020-10-26,0.1904635837105022
2020-10-27,0.19180566977047672
2020-10-28,0.21407498757467505
2020-10-29,0.21574946954891003
2020-10-30,0.21588661553395763
2020-11-02,0.21685325461141
2020-11-03,0.22575468931904755
2020-11-04,0.2165530312369495
2020-11-05,0.22605159721610585
2020-11-06,0.224847672545555
2020-11-09,0.2344561664158898
2020-11-10,0.2330365598471465
2020-11-11,0.23033416999082748
2020-11-12,0.23277916136146645
2020-11-13,0.23204344240190936
2020-11-16,0.22606510848293968
2020-11-17,0.22394539626339102
2020-11-18,0.22140068337586247
2020-11-19,0.22163836741302573
2020-11-20,0.2221607767469586
2020-11-23,0.21683279194299357
2020-11-24,0.21885967966846323
2020-11-25,0.21778241139137192
2020-11-27,0.2177345695964664
2020-11-30,0.2200123161327572
2020-12-01,0.21600406287126916
2020-12-02,0.2147783480371959
2020-12-03,0.21508391968774757
2020-12-04,0.2160264829262884
2020-12-07,0.2171722074200088
2020-12-08,0.20459871267406307
2020-12-09,0.20183381004794768
2020-12-10,0.1718863607859195
2020-12-11,0.17272215173944078
2020-12-14,0.1694110192659476
2020-12-15,0.1692768955384556
2020-12-16,0.15976121031559481
2020-12-17,0.15603438052204874
2020-12-18,0.1424551088609912
2020-12-21,0.14239142421560974
2020-12-22,0.12211232001863262
2020-12-23,0.12247561599748935
2020-12-24,0.12303132763265795
2020-12-28,0.12147321169069479
2020-12-29,0.12010585183914556
2020-12-30,0.1176347583458902
2020-12-31,0.11394976636959145
2021-01-04,0.1152218301535253
2021-01-05,0.11471076897031454
2021-01-06,0.12164677356420155
2021-01-07,0.12544818165151006
2021-01-08,0.12064202428983388
2021-01-11,0.12126282982160266
2021-01-12,0.12158976008816687
2021-01-13,0.11623797208625487
2021-01-14,0.11523146576773655
2021-01-15,0.11553829831589789
2021-01-19,0.11475413953004568
2021-01-20,0.11399015900043893
2021-01-21,0.11248840615301789
2021-01-22,0.11330197036522714
2021-01-25,0.11244054346667985
2021-01-26,0.1125870089618947
2021-01-27,0.13766953963985898
2021-01-28,0.13798421035328523
2021-01-29,0.14836670961295673
2021-02-01,0.1514623968799478
2021-02-02,0.15835324852457755
2021-02-03,0.15718056475638026
2021-02-04,0.15896511898482552
2021-02-05,0.1558592981746423
2021-02-08,0.15600789161829393
2021-02-09,0.15588660700558835
2021-02-10,0.15431194539978604
2021-02-11,0.15376943233432327
2021-02-12,0.15376589523662493
2021-02-16,0.1528071231645914
2021-02-17,0.1478507324011379
2021-02-18,0.148455157008349
2021-02-19,0.13969324573006744
2021-02-22,0.1347821704186582
2021-02-23,0.13439541853780967
2021-02-24,0.1350788376248392
2021-02-25,0.144371918399302
2021-02-26,0.14614489727982904
2021-03-01,0.15925445777617075
2021-03-02,0.16102846030496992
2021-03-03,0.16180483214359184
2021-03-04,0.164410175298858
2021-03-05,0.17102692922850227
2021-03-08,0.1714168049024703
2021-03-09,0.17193295622397858
2021-03-10,0.17320577496224004
2021-03-11,0.15374508844866885
2021-03-12,0.15431894850633643
2021-03-15,0.1360274979546726
2021-03-16,0.13393189308901787
2021-03-17,0.12674400686929993
2021-03-18,0.12735551045398377
2021-03-19,0.1312919523586791
2021-03-22,0.13103470438638923
2021-03-23,0.13302801936179837
2021-03-24,0.13298023045525348
2021-03-25,0.1338113010121524
2021-03-26,0.139286776658598
2021-03-29,0.1394656686550601
2021-03-30,0.1398888404145586
2021-03-31,0.14044568461071408
2021-04-01,0.14084295762368113
2021-04-05,0.14338054228709293
2021-04-06,0.14478927617652063
2021-04-07,0.1448663562937656
2021-04-08,0.14392036391657473
2021-04-09,0.13462848931569354
2021-04-12,0.13158193819594854
2021-04-13,0.11720750239315658
2021-04-14,0.11350502080265618
2021-04-15,0.11540190982971386
2021-04-16,0.10643501565167406
2021-04-19,0.09911348167051254
2021-04-20,0.10318179513353438
2021-04-21,0.10460890794161658
2021-04-22,0.1108354081009229
2021-04-23,0.1152078351696881
2021-04-26,0.11406009317707223
2021-04-27,0.11379496534920382
2021-04-28,0.11772764720253863
2021-04-29,0.1180317236848814
2021-04-30,0.11879437834656553
2021-05-03,0.11167222341735629
2021-05-04,0.11166245086437387
2021-05-05,0.1076737688101267
2021-05-06,0.110556395144574
2021-05-07,0.11097924312448466
2021-05-10,0.1079644745480786
2021-05-11,0.11917139252019393
2021-05-12,0.13305405765688105
2021-05-13,0.13954411138314768
2021-05-14,0.14221741243850522
2021-05-17,0.13991006854750632
2021-05-18,0.1429588259797175
2021-05-19,0.1442847729559287
2021-05-20,0.1448727511843399
2021-05-21,0.14194221468347834
2021-05-24,0.14224653000894277
2021-05-25,0.14342814999822717
2021-05-26,0.14348844266403293
2021-05-27,0.1388483498396798
2021-05-28,0.13798860174805527
2021-06-01,0.13770858211696457
2021-06-02,0.13586589167371874
2021-06-03,0.13347834301860087
2021-06-04,0.12899628268547758
2021-06-07,0.12404493127142138
2021-06-08,0.12386956593355816
2021-06-09,0.12471354065590129
2021-06-10,0.12267122451806102
2021-06-11,0.12162047775620097
2021-06-14,0.12103482896797399
2021-06-15,0.11929025832107297
2021-06-16,0.11990585845796098
2021-06-17,0.12031229705686278
2021-06-18,0.12069067725533232
2021-06-21,0.13046996838825428
2021-06-22,0.1306719349275505
2021-06-23,0.12340122868968799
2021-06-24,0.11385137417677117
2021-06-25,0.10371395243420942
2021-06-28,0.09660421698889828
2021-06-29,0.09721347340593678
2021-06-30,0.09342036929480743
2021-07-01,0.09257372163240177
2021-07-02,0.0932678113775881
2021-07-06,0.09507568503444445
2021-07-07,0.09533748642702844
2021-07-08,0.10117414168365556
2021-07-09,0.1118174180417131
2021-07-12,0.11224322244630731
2021-07-13,0.11244991614778341
2021-07-14,0.11257850402148382
2021-07-15,0.11284827968614196
2021-07-16,0.1152795641020932
2021-07-19,0.13227913894854954
2021-07-20,0.13826086217331715
2021-07-21,0.13951931913273438
2021-07-22,0.13884146428766836
2021-07-23,0.13976502895043028
2021-07-26,0.13973001621953088
2021-07-27,0.13999812130386793
2021-07-28,0.1408407837336998
2021-07-29,0.1401314975591561
2021-07-30,0.13917164307069857
2021-08-02,0.13199692717760472
2021-08-03,0.12562198998298585
2021-08-04,0.13133448849199864
2021-08-05,0.13297156163211424
2021-08-06,0.13150932257822295
2021-08-09,0.13172740768074
2021-08-10,0.13228762203988698
2021-08-11,0.13328264804971499
2021-08-12,0.13288162102786463
2021-08-13,0.13245201490522415
2021-08-16,0.13209003384660137
2021-08-17,0.1330716825949572
2021-08-18,0.13700650687296195
2021-08-19,0.131512286345514
2021-08-20,0.12434733081834926
2021-08-23,0.1248456564189977
2021-08-24,0.12474749442619273
2021-08-25,0.12459658623779817
2021-08-26,0.12597977878135028
2021-08-27,0.1259476927787436
2021-08-30,0.10534923192256426
2021-08-31,0.09853400173609779
2021-09-01,0.09719930674063211
2021-09-02,0.09766581420338026
2021-09-03,0.09508221733507531
2021-09-07,0.09582118313005644
2021-09-08,0.09544555184194234
2021-09-09,0.09495536998619736
2021-09-10,0.09911005588835747
2021-09-13,0.10276816615701466
2021-09-14,0.10569448766364109
2021-09-15,0.10402454721782844
2021-09-16,0.09760693893634532
2021-09-17,0.09699248958205574
2021-09-20,0.11611574516517134
2021-09-21,0.11613748604479264
2021-09-22,0.11829546015969733
2021-09-23,0.12251147444977752
2021-09-24,0.12274342932909046
2021-09-27,0.12316580929744113
2021-09-28,0.1300343164664188
2021-09-29,0.12877847978058188
2021-09-30,0.13427440158483933
2021-10-01,0.13979909323636405
2021-10-04,0.14252433144581145
2021-10-05,0.14609826528544784
2021-10-06,0.1466477467464537
2021-10-07,0.1515987114378244
2021-10-08,0.15049841128163696
2021-10-11,0.15044379296632066
2021-10-12,0.15112930783161577
2021-10-13,0.15111648951456988
2021-10-14,0.161591148561096
2021-10-15,0.16741460579819276
2021-10-18,0.1674028681179337
2021-10-19,0.16943512837351019
2021-10-20,0.17037222328959878
2021-10-21,0.1696306228930531
2021-10-22,0.16657958047282725
2021-10-25,0.164083476471324
2021-10-26,0.16142321734830273
2021-10-27,0.1633272607458276
2021-10-28,0.16440135724291358
2021-10-29,0.16260391522572423
2021-11-01,0.1451778670168483
2021-11-02,0.14524137178230712
2021-11-03,0.14377522544711788
2021-11-04,0.1418899538432043
2021-11-05,0.14224005850083782
2021-11-08,0.14285247054659791
2021-11-09,0.1342335228947907
2021-11-10,0.13602839767091393
2021-11-11,0.12389128875240628
2021-11-12,0.12051356938659448
2021-11-15,0.11264191998061242
2021-11-16,0.10950721032201761
2021-11-17,0.11358756437806888
2021-11-18,0.10905497909998835
2021-11-19,0.11028508817186024
2021-11-22,0.10551080119838126
2021-11-23,0.10750779243529145
2021-11-24,0.10673020618887738
2021-11-26,0.1274466258427925
2021-11-29,0.12057030189534791
2021-11-30,0.12709677699565047
2021-12-01,0.1243159993700059
2021-12-02,0.13226650729895026
2021-12-03,0.1328795692119317
2021-12-06,0.14471021630939496
2021-12-07,0.15319307578917896
2021-12-08,0.15326084868050924
2021-12-09,0.1501257658560654
2021-12-10,0.14942532984890097
2021-12-13,0.15336464907085148
2021-12-14,0.15325653840016182
2021-12-15,0.15771277019021526
2021-12-16,0.15768209315814022
2021-12-17,0.16517527992992434
2021-12-20,0.17087364496184995
2021-12-21,0.17570167259028274
2021-12-22,0.17669455714905533
2021-12-23,0.17604286856625054
2021-12-27,0.1779323408681997
2021-12-28,0.17753307869760573
2021-12-29,0.1769002729325829
2021-12-30,0.17708220590431673
2021-12-31,0.1749684899498311
2022-01-03,0.17613951605088105
2022-01-04,0.17708064525443087
2022-01-05,0.18261493938435042
2022-01-06,0.1802407015646845
2022-01-07,0.1803380414932377
2022-01-10,0.15945752716261813
2022-01-11,0.15933675489908936
2022-01-12,0.1527042726942363
2022-01-13,0.15383767635650913
2022-01-14,0.14995823907893485
2022-01-18,0.15947187802775592
2022-01-19,0.15437124623136877
2022-01-20,0.145655149716031
2022-01-21,0.1500343690377738
2022-01-24,0.15104242175618976
2022-01-25,0.14998108821318706
2022-01-26,0.14833344464741072
2022-01-27,0.14829544375065878
2022-01-28,0.15931901879851543
2022-01-31,0.1608138255239875
2022-02-01,0.15559088862036505
2022-02-02,0.15043083233600862
2022-02-03,0.1505042891830359
2022-02-04,0.14753672899735293
2022-02-07,0.1467046577707355
2022-02-08,0.15303514160290366
2022-02-09,0.1545185060663787
2022-02-10,0.16230250917699773
2022-02-11,0.16584008621088436
2022-02-14,0.16597808138047926
2022-02-15,0.16746891948514478
2022-02-16,0.1636047165679362
2022-02-17,0.16973590134706312
2022-02-18,0.17003312744022028
2022-02-22,0.1732274095355028
2022-02-23,0.17833199109284253
2022-02-24,0.17741774708224461
2022-02-25,0.19179645381808103
2022-02-28,0.19227131516428703
2022-03-01,0.19642621575055955
2022-03-02,0.20321960014123003
2022-03-03,0.19962418874508647
2022-03-04,0.20044709086652698
2022-03-07,0.20565930481032543
2022-03-08,0.20489977950756186
2022-03-09,0.2183685232387708
2022-03-10,0.21855292495477374
2022-03-11,0.21917322485762727
2022-03-14,0.2068083329910835
2022-03-15,0.21574898003031576
2022-03-16,0.21941931031467773
2022-03-17,0.22099198383947108
2022-03-18,0.21828587380955855
2022-03-21,0.21848307016611043
2022-03-22,0.21939946040002242
2022-03-23,0.21576857431957447
2022-03-24,0.2168394081084229
2022-03-25,0.21103185038326924
2022-03-28,0.2076305938871717
2022-03-29,0.20813444744990278
2022-03-30,0.2061534809973284
2022-03-31,0.2117095473946548
2022-04-01,0.20249579784227278
2022-04-04,0.20184712377554992
2022-04-05,0.19896224214638203
2022-04-06,0.19397688937758722
2022-04-07,0.19397086073824704
2022-04-08,0.18474749479971989
2022-04-11,0.1862903968495734
2022-04-12,0.1791579696218907
2022-04-13,0.16827575783915216
2022-04-14,0.16886033638490236
2022-04-18,0.16681919163564207
2022-04-19,0.15377396674017604
2022-04-20,0.15467110054017028
2022-04-21,0.14336284162669288
2022-04-22,0.17435507461536254
2022-04-25,0.17453394837154715
2022-04-26,0.19116517415068848
2022-04-27,0.18415413332979458
2022-04-28,0.18240957483158127
2022-04-29,0.1980296618531172
2022-05-02,0.19690424127440723
2022-05-03,0.19747777405512035
2022-05-04,0.21519060182421262
2022-05-05,0.23350672438214737
2022-05-06,0.23080641506810953
2022-05-09,0.2353442088861243
2022-05-10,0.2346538997682566
2022-05-11,0.23369237499405668
2022-05-12,0.2337060688442511
2022-05-13,0.2365732970705277
2022-05-16,0.2360768273240264
2022-05-17,0.2454893745791406
2022-05-18,0.2585983499691875
2022-05-19,0.2581236098220814
2022-05-20,0.2578261828854707
2022-05-23,0.2707336385813391
2022-05-24,0.2694350715233582
2022-05-25,0.2705901606161861
2022-05-26,0.2751610023990991
2022-05-27,0.2811487057806802
2022-05-31,0.28100574448116683
2022-06-01,0.280611110423517
2022-06-02,0.2806764224834107
2022-06-03,0.281147391549688
2022-06-06,0.2640865464653022
2022-06-07,0.2639971561170348
2022-06-08,0.25363190829967175
2022-06-09,0.25859605419602033
2022-06-10,0.27087115739472195
2022-06-13,0.2683347036261714
2022-06-14,0.26769635222326493
2022-06-15,0.26970296970438273
2022-06-16,0.26304658098103667
2022-06-17,0.24720462793116263
2022-06-21,0.2572817655535908
2022-06-22,0.25213177920249363
2022-06-23,0.2526275532902505
2022-06-24,0.266166056070431
2022-06-27,0.26580174641462195
2022-06-28,0.2652836246927252
2022-06-29,0.2657500176902152
2022-06-30,0.25868493438175333
2022-07-01,0.24585023899803635
2022-07-05,0.24538138103102328
2022-07-06,0.245399403982153
2022-07-07,0.23538329484347173
2022-07-08,0.23536190417496766
2022-07-11,0.2350849421734294
2022-07-12,0.22947757854620202
2022-07-13,0.22098212085818777
2022-07-14,0.2219057240406135
2022-07-15,0.23336444867367362
2022-07-18,0.2310438332822095
2022-07-19,0.2455171982733674
2022-07-20,0.24548791507976966
2022-07-21,0.24513703049246466
2022-07-22,0.2446673585317646
2022-07-25,0.23792762062255476
2022-07-26,0.21879487091058702
2022-07-27,0.20502591275379506
2022-07-28,0.20425331339327446
2022-07-29,0.2057654856376848
2022-08-01,0.18708810558279143
2022-08-02,0.19449480753836496
2022-08-03,0.18972907483776666
2022-08-04,0.18913649426137066
2022-08-05,0.18956355883555995
2022-08-08,0.1716602264138175
2022-08-09,0.17158578592993592
2022-08-10,0.17182848376885576
2022-08-11,0.1717308134690332
2022-08-12,0.16928103382484955
2022-08-15,0.16819801269531043
2022-08-16,0.1677012390124035
2022-08-17,0.1688828780619139
2022-08-18,0.16600042300325843
2022-08-19,0.16993466485197004
2022-08-22,0.18004831984625483
2022-08-23,0.17922032948995328
2022-08-24,0.17765831108341046
2022-08-25,0.1760529255194437
2022-08-26,0.19146694401206737
2022-08-29,0.19085721621493001
2022-08-30,0.17538507765146255
2022-08-31,0.17643219647577138
2022-09-01,0.17622956415882424
2022-09-02,0.1777548178313617
2022-09-06,0.1771362217313994
2022-09-07,0.17943601727842473
2022-09-08,0.17573627883504558
2022-09-09,0.1786998646358425
2022-09-12,0.17483624722462462
2022-09-13,0.2154010603369336
2022-09-14,0.21120439925654408
2022-09-15,0.20603150409773513
2022-09-16,0.206198221397082
2022-09-19,0.20678716801688002
2022-09-20,0.20881800099099096
2022-09-21,0.2152477547314474
2022-09-22,0.20515903378796724
2022-09-23,0.2068655213642798
2022-09-26,0.20249805930029655
2022-09-27,0.2003107249340109
2022-09-28,0.20931047722895665
2022-09-29,0.21058732928114773
2022-09-30,0.21173454406644057
2022-10-03,0.23157820767233944
2022-10-04,0.24649652491395163
2022-10-05,0.24636490286349194
2022-10-06,0.2471101196665665
2022-10-07,0.24836134702414964
2022-10-10,0.2351260378837625
2022-10-11,0.2349946133145089
2022-10-12,0.23436192588777696
2022-10-13,0.25276019035139535
2022-10-14,0.2541528320264772
2022-10-17,0.26119620306237573
2022-10-18,0.26318962394493656
2022-10-19,0.26046199420651545
2022-10-20,0.25984514622894334
2022-10-21,0.2747065981723991
2022-10-24,0.278067358892768
2022-10-25,0.2464319905506293
2022-10-26,0.2464158987920087
2022-10-27,0.2460638400618409
2022-10-28,0.2573449224628545
2022-10-31,0.2576842710579216
2022-11-01,0.2545941016980495
2022-11-02,0.2524572100518381
2022-11-03,0.2555140977999776
2022-11-04,0.25287316538893767
2022-11-07,0.24947450222091141
2022-11-08,0.24914669705896947
2022-11-09,0.2545482377245627
2022-11-10,0.2741940391775444
2022-11-11,0.2683946325924933
2022-11-14,0.26308816746346625
2022-11-15,0.2524565223799411
2022-11-16,0.25194490923030416
2022-11-17,0.24893631937270347
2022-11-18,0.23720333364697255
2022-11-21,0.23754762496896123
2022-11-22,0.23784316698958036
2022-11-23,0.23745978870885384
2022-11-25,0.2253522243112139
2022-11-28,0.22743354379566974
2022-11-29,0.22282997489681552
2022-11-30,0.23209365299027035
2022-12-01,0.2319388819105717
2022-12-02,0.2299441900318652
2022-12-05,0.22190235752935086
2022-12-06,0.222164429891186
2022-12-07,0.22161133244185063
2022-12-08,0.2220535755144326
2022-12-09,0.2243826691811638
2022-12-12,0.21384944932990818
2022-12-13,0.21308840337655255
2022-12-14,0.2137469231460892
2022-12-15,0.2206128421242152
2022-12-16,0.2183325330529549
2022-12-19,0.2154095264248411
2022-12-20,0.21167823508085434
2022-12-21,0.2140768828158812
2022-12-22,0.20988496689168618
2022-12-23,0.1671889680740638
2022-12-27,0.16710733741163242
2022-12-28,0.16806293936012243
2022-12-29,0.17204379691995333
2022-12-30,0.17186006412718818
2023-01-03,0.17228545261857695
2023-01-04,0.1712792565967998
2023-01-05,0.17278118079347551
2023-01-06,0.18032409641394606
2023-01-09,0.1799192807332277
2023-01-10,0.18177178833971924
2023-01-11,0.17978572396014905
2023-01-12,0.1802692859115915
2023-01-13,0.16243305343913939
2023-01-17,0.1678334697234171
2023-01-18,0.17231031334109492
2023-01-19,0.16813315772810383
2023-01-20,0.16817479460652623
2023-01-23,0.16983068879425547
2023-01-24,0.1703718203067463
2023-01-25,0.1681395915845813
2023-01-26,0.16263854269132447
2023-01-27,0.16263964543748866
2023-01-30,0.1637922883751132
2023-01-31,0.14876584677734753
2023-02-01,0.14762169987496696
2023-02-02,0.14585182039230016
2023-02-03,0.14585186252231128
2023-02-06,0.1400189810172635
2023-02-07,0.1358133420450037
2023-02-08,0.13730660595796504
2023-02-09,0.1403569923949904
2023-02-10,0.13680605223335268
2023-02-13,0.136336873185687
2023-02-14,0.13745489898103314
2023-02-15,0.13602930203939292
2023-02-16,0.14231983621933933
2023-02-17,0.13862297292052828
2023-02-21,0.14303976273712254
2023-02-22,0.14316069358673073
2023-02-23,0.1418694734980239
2023-02-24,0.1390958461148082
2023-02-27,0.1388726057859974
2023-02-28,0.13822898364646843
2023-03-01,0.13154169238323862
2023-03-02,0.1256403966382949
2023-03-03,0.1307612304020593
2023-03-06,0.1283429526800254
2023-03-07,0.14152596801298728
2023-03-08,0.13910802981359202
2023-03-09,0.14887902473937556
2023-03-10,0.14965580782865898
2023-03-13,0.149052014372076
2023-03-14,0.15161181669797624
2023-03-15,0.14944488457217617
2023-03-16,0.15673489554674055
2023-03-17,0.1607542958580544
2023-03-20,0.16506530809867523
2023-03-21,0.1701241293207881
2023-03-22,0.1719930722075975
2023-03-23,0.17228918337557328
2023-03-24,0.17139006939004453
2023-03-27,0.1710463865528445
2023-03-28,0.16664986774119636
2023-03-29,0.1702819579831545
2023-03-30,0.17049829717801077
2023-03-31,0.17283076539305858
2023-04-03,0.17496907332756165
2023-04-04,0.16476384166197608
2023-04-05,0.16454346440311649
2023-04-06,0.16375773979517227
2023-04-10,0.16203271892260382
2023-04-11,0.16197234544163688
2023-04-12,0.16073566766749522
2023-04-13,0.16357140050865757
2023-04-14,0.1633627291135773
2023-04-17,0.15814386533979974
2023-04-18,0.15794414816348443
2023-04-19,0.14353377222755878
2023-04-20,0.144131785985847
2023-04-21,0.1312087157748954
2023-04-24,0.12501761456371627
2023-04-25,0.13106649118502717
2023-04-26,0.13029315911909048
2023-04-27,0.13045605161603185
2023-04-28,0.12741849850574338
2023-05-01,0.11720337681001573
2023-05-02,0.12087023322857081
2023-05-03,0.12069721014457258
2023-05-04,0.11347512656430912
2023-05-05,0.1277365796784899
2023-05-08,0.12824233155736123
2023-05-09,0.12845178037411925
2023-05-10,0.12812830714175916
2023-05-11,0.12645978083150938
2023-05-12,0.12621991527084012
2023-05-15,0.120283639212232
2023-05-16,0.12120730880151068
2023-05-17,0.12418554922679323
2023-05-18,0.1249086220987458
2023-05-19,0.12540770324885284
2023-05-22,0.12560516999572388
2023-05-23,0.12752330712918616
2023-05-24,0.13025400657947378
2023-05-25,0.1259028350387736
2023-05-26,0.12953617253265629
2023-05-30,0.12899450154108824
2023-05-31,0.13084105291237125
2023-06-01,0.1325611516104927
2023-06-02,0.1479814466700535
2023-06-05,0.1487040526184838
2023-06-06,0.14871910062922014
2023-06-07,0.14415090676395506
2023-06-08,0.14314363691102538
2023-06-09,0.1372625382568419
2023-06-12,0.13580650858662047
2023-06-13,0.13685264808975967
2023-06-14,0.1353713598139368
2023-06-15,0.1381517898903186
2023-06-16,0.13552467486734884
2023-06-20,0.12330727013950789
2023-06-21,0.12346448246674306
2023-06-22,0.12325207520700453
2023-06-23,0.12520597400067499
2023-06-26,0.12462118541108956
2023-06-27,0.1259458687461491
2023-06-28,0.1273758631159141
2023-06-29,0.12739696413182208
2023-06-30,0.12433399715961443
2023-07-03,0.12376463421364448
2023-07-05,0.12434346573326549
2023-07-06,0.12771524472755252
2023-07-07,0.1252430001925569
2023-07-10,0.1216870580461258
2023-07-11,0.12310404222915386
2023-07-12,0.12068714482758867
2023-07-13,0.1204283410364137
2023-07-14,0.11755714430682614
2023-07-17,0.11787592999345993
2023-07-18,0.10834738638073504
2023-07-19,0.10639250510374298
2023-07-20,0.10640172337952429
2023-07-21,0.10713113125257137
2023-07-24,0.10918021382601531
2023-07-25,0.10941707993226235
2023-07-26,0.1094143971394496
2023-07-27,0.1107226310429175
2023-07-28,0.10615593865557205
2023-07-31,0.09852345596765967
2023-08-01,0.0985638823831325
2023-08-02,0.10358587032497088
2023-08-03,0.10326758982315135
2023-08-04,0.10414252362544339
2023-08-07,0.10378477986980948
2023-08-08,0.10415829281712168
2023-08-09,0.1054616647197062
2023-08-10,0.10311241821143809
2023-08-11,0.0983125348421659
2023-08-14,0.09429861618521634
2023-08-15,0.0996774786632496
2023-08-16,0.09894053927137195
2023-08-17,0.09856184707840847
2023-08-18,0.09822621747593241
2023-08-21,0.0977554083229381
2023-08-22,0.09723893224218767
2023-08-23,0.09876128970199834
2023-08-24,0.10270604942521719
2023-08-25,0.10179333943940508
2023-08-28,0.10035484745555263
2023-08-29,0.0964885222424031
2023-08-30,0.09654010727731321
2023-08-31,0.09799584628384116
2023-09-01,0.09931320327750125
2023-09-05,0.09682521145474753
2023-09-06,0.09874867148842144
2023-09-07,0.09873312579028712
2023-09-08,0.09861249785199924
2023-09-11,0.0981017343514813
2023-09-12,0.09731175532623211
2023-09-13,0.09456485517703275
2023-09-14,0.0962649097946945
2023-09-15,0.09915924652064052
2023-09-18,0.09978252408035229
2023-09-19,0.095114115801605
2023-09-20,0.09490930645565474
2023-09-21,0.09695582091199222
2023-09-22,0.0970624974575753
2023-09-25,0.09707666924147679
2023-09-26,0.1016909168084288
2023-09-27,0.0982714287435453
2023-09-28,0.10066760607564784
2023-09-29,0.09994675382345432
2023-10-02,0.09997732174529013
2023-10-03,0.11069881004726347
2023-10-04,0.11160287647648484
2023-10-05,0.10948292538228452
2023-10-06,0.11138601915016841
2023-10-09,0.11193290410247039
2023-10-10,0.11095275299349452
2023-10-11,0.1065312788223283
2023-10-12,0.10669647768038484
2023-10-13,0.10571262940545878
2023-10-16,0.10817688983606444
2023-10-17,0.10678135888722536
2023-10-18,0.11309100756100521
2023-10-19,0.11724159695276527
2023-10-20,0.11852651239230864
2023-10-23,0.1193577992358429
2023-10-24,0.1200780563326272
2023-10-25,0.12047567115461326
2023-10-26,0.11812438432247174
2023-10-27,0.12174703166490307
2023-10-30,0.13360558422889196
2023-10-31,0.13365245277063678
2023-11-01,0.13946354827624152
2023-11-02,0.14691489584065992
2023-11-03,0.14827875510141217
2023-11-06,0.14838850050963265
2023-11-07,0.14435736754479314
2023-11-08,0.1443851440944518
2023-11-09,0.145894378337468
2023-11-10,0.15002003782719794
2023-11-13,0.15021066068156574
2023-11-14,0.14681507007927178
2023-11-15,0.14658442141768235
2023-11-16,0.14658314428307373
2023-11-17,0.14400100199689464
2023-11-20,0.1434243583099732
2023-11-21,0.14374152462546178
2023-11-22,0.14374885349485034
2023-11-24,0.14295893647903068
2023-11-27,0.143051194795512
2023-11-28,0.14089474584055295
2023-11-29,0.1405293287894769
2023-11-30,0.13463395633024133
2023-12-01,0.1297376665189173
2023-12-04,0.12586409725651204
2023-12-05,0.12219943897086427
2023-12-06,0.12332750110166807
2023-12-07,0.1233602995574123
2023-12-08,0.11500997908027542
2023-12-11,0.1027590936603761
2023-12-12,0.09432748327673808
2023-12-13,0.0981546656419444
2023-12-14,0.09547511985902031
2023-12-15,0.08754519243545995
2023-12-18,0.08833752252477826
2023-12-19,0.08997624457042372
2023-12-20,0.09979213583190191
2023-12-21,0.10021316351224041
2023-12-22,0.0931236095016741
2023-12-26,0.08627112282115998
2023-12-27,0.0850739949463596
2023-12-28,0.07618596012088123
2023-12-29,0.07643967151195372
2024-01-02,0.07661933999020507
2024-01-03,0.0810687300328076
2024-01-04,0.0810640020401293
2024-01-05,0.0800132585745753
2024-01-08,0.08285237292431627
2024-01-09,0.08454603896441763
2024-01-10,0.08432876351524485
2024-01-11,0.0847619210089325
2024-01-12,0.08616653535806898
2024-01-16,0.08363824180077796
2024-01-17,0.08379643244514456
2024-01-18,0.08422844527540141
2024-01-19,0.0920492649054522
2024-01-22,0.09105821341636151
2024-01-23,0.09254250657504585
2024-01-24,0.09285336610831223
2024-01-25,0.09325859485447682
2024-01-26,0.09303863873011031
2024-01-29,0.08486040706108856
2024-01-30,0.084257241281019
2024-01-31,0.09098494139304404
2024-02-01,0.09437442593035052
2024-02-02,0.09265360594368352
2024-02-05,0.08549463492412593
2024-02-06,0.08446896228915138
2024-02-07,0.08445378297797342
2024-02-08,0.08550177918619291
2024-02-09,0.08549481354422424
2024-02-12,0.08553040651446767
2024-02-13,0.09567565318612044
2024-02-14,0.09593986021323439
2024-02-15,0.09594502032407
2024-02-16,0.09813511376760879
2024-02-20,0.09896541769211396
2024-02-21,0.09544243340291353
2024-02-22,0.10160340914282746
2024-02-23,0.10096285261589485
2024-02-26,0.10166457885961734
2024-02-27,0.10137141533421362
2024-02-28,0.10122295959681964
2024-02-29,0.10016046064707738
2024-03-01,0.09938431806427225
2024-03-04,0.09202357932849912
2024-03-05,0.0967142767000926
2024-03-06,0.0961592765188996
2024-03-07,0.09606444522620099
2024-03-08,0.09497447393390308
2024-03-11,0.09504845852205066
2024-03-12,0.09616482702153126
2024-03-13,0.09594742828340896
2024-03-14,0.09094408013486442
2024-03-15,0.08608876974638262
2024-03-18,0.08494067868142134
2024-03-19,0.08849406373012728
2024-03-20,0.092137197751804
2024-03-21,0.09526919091040027
2024-03-22,0.09938156643443019
2024-03-25,0.10094023218172228
2024-03-26,0.10070935882053757
2024-03-27,0.09742024927768912
2024-03-28,0.09735492077091273
2024-04-01,0.09888622719463065
2024-04-02,0.10474971959830755
2024-04-03,0.10434519432918003
2024-04-04,0.10893221071148437
2024-04-05,0.10450820251686385
2024-04-08,0.10448700496869859
2024-04-09,0.10426409435173238
2024-04-10,0.11020541006100938
2024-04-11,0.11032343955330903
2024-04-12,0.11688147516055471
2024-04-15,0.11709778914537698
2024-04-16,0.1166976487592643
2024-04-17,0.11449748985144954
2024-04-18,0.11455711546980824
2024-04-19,0.11580677619645734
2024-04-22,0.11792491389890201
2024-04-23,0.1200053837653187
2024-04-24,0.11761780213542439
2024-04-25,0.12001423600472842
2024-04-26,0.12138665481577249
2024-04-29,0.12193731876535951
2024-04-30,0.12930753341802909
2024-05-01,0.12548874983490277
2024-05-02,0.12528763307022817
2024-05-03,0.13756756499970377
2024-05-06,0.13549369928870295
2024-05-07,0.13495542446574382
2024-05-08,0.1359674286186357
2024-05-09,0.1360565992881691
2024-05-10,0.13611116494823589
2024-05-13,0.1333928396641404
2024-05-14,0.12818546595138988
2024-05-15,0.13117733557515387
2024-05-16,0.12697243739808609
2024-05-17,0.12514094855456628
2024-05-20,0.12746504165092912
2024-05-21,0.12736088908374088
2024-05-22,0.1235495395458891
2024-05-23,0.12920295821240682
2024-05-24,0.12161082973327209
2024-05-28,0.12245075992622488
2024-05-29,0.12751803624501412
2024-05-30,0.125214509369835
2024-05-31,0.12850104272684007
2024-06-03,0.1303876841518665
2024-06-04,0.1292003740977644
2024-06-05,0.12790903259203412
2024-06-06,0.12800901313373053
2024-06-07,0.12384209485372333
2024-06-10,0.1231393794269168
2024-06-11,0.12279910861796346
2024-06-12,0.11234828305566283
2024-06-13,0.11229004619611417
2024-06-14,0.11078280130827918
2024-06-17,0.09608464917478678
2024-06-18,0.0961321482165262
2024-06-20,0.09650994241739429
2024-06-21,0.097127601962249
2024-06-24,0.09326195262128478
2024-06-25,0.09605958450992351
2024-06-26,0.09593258810330628
2024-06-27,0.09486070637467521
2024-06-28,0.08983313270646387
2024-07-01,0.08973604037393046
2024-07-02,0.09094318957397887
2024-07-03,0.08846358573885135
2024-07-05,0.08763267760398825
2024-07-08,0.08488917613820221
2024-07-09,0.07703553055666537
2024-07-10,0.08359921617321713
2024-07-11,0.08089384067723764
2024-07-12,0.07493406629940905
2024-07-15,0.08007792643898379
2024-07-16,0.09102872248433996
2024-07-17,0.08679012497501551
2024-07-18,0.10222006392738155
2024-07-19,0.1119269457265533
2024-07-22,0.1118014442072782
2024-07-23,0.11212155931893854
2024-07-24,0.12415711414867354
2024-07-25,0.1241371369367619
2024-07-26,0.12992521928130826
2024-07-29,0.13066713558839657
2024-07-30,0.13159786809082863
2024-07-31,0.13064544212147247
2024-08-01,0.1390496669437299
2024-08-02,0.1439433850643778
2024-08-05,0.16633617226760763
2024-08-06,0.16739366648627999
2024-08-07,0.16740502187086828
2024-08-08,0.17546427870859463
2024-08-09,0.17543491376365153
2024-08-12,0.1754879599708394
2024-08-13,0.17795996434344713
2024-08-14,0.17820787109851835
2024-08-15,0.18043065256248703
2024-08-16,0.18042559337302638
2024-08-19,0.18070975203540507
2024-08-20,0.18075207719493355
2024-08-21,0.17790444581332038
2024-08-22,0.17855051624051252
2024-08-23,0.18055900165497304
2024-08-26,0.17764198015214308
2024-08-27,0.1682673207601887
2024-08-28,0.1676417170376683
2024-08-29,0.16245258736591237
2024-08-30,0.15769626637388434
2024-09-03,0.16477454151387255
2024-09-04,0.1647043700574716
2024-09-05,0.1581261349330642
2024-09-06,0.16013615566547768
2024-09-09,0.15948071860447144
2024-09-10,0.16014136009292954
2024-09-11,0.15802811381295664
2024-09-12,0.1586559831975771
2024-09-13,0.15343099048309744
2024-09-16,0.14855049036715645
2024-09-17,0.11790961289410537
2024-09-18,0.11575342638796891
2024-09-19,0.11806286844143456
2024-09-20,0.11003543769195853
2024-09-23,0.11008863754728951
2024-09-24,0.10989420059674096
2024-09-25,0.11427394514795472
2024-09-26,0.11415092755673671
2024-09-27,0.11106621601776209
2024-09-30,0.11118920621880096
2024-10-01,0.11273853447105243
2024-10-02,0.11274113391673259
2024-10-03,0.11405453114682829
2024-10-04,0.1150775472589991
2024-10-07,0.1157735705817662
2024-10-08,0.11630976788292977
2024-10-09,0.12101444527799926
2024-10-10,0.12083930215920047
2024-10-11,0.1235655170290581
2024-10-14,0.12308576547889381
2024-10-15,0.11626878648369646
2024-10-16,0.11787012671154143
2024-10-17,0.11712775695548178
2024-10-18,0.11336684727154986
2024-10-21,0.11298319637976799
2024-10-22,0.11105089663034814
2024-10-23,0.11467012663329511
2024-10-24,0.11415684530127886
2024-10-25,0.11412868675612362
2024-10-28,0.115411047805581
2024-10-29,0.1170360755873524
2024-10-30,0.11694950042767507
2024-10-31,0.1131682564475389
2024-11-01,0.1129053070335005
2024-11-04,0.11482314143693315
2024-11-05,0.11978409870654814
2024-11-06,0.17077139512938283
2024-11-07,0.17067304882622797
2024-11-08,0.17060625901975007
2024-11-11,0.1707122060402642
2024-11-12,0.17384052459726615
2024-11-13,0.1738566261671534
2024-11-14,0.17366287422135104
2024-11-15,0.17334384281934131
2024-11-18,0.168848663954167
2024-11-19,0.17007698376626626
2024-11-20,0.16697017153784716
2024-11-21,0.16908192074017192
2024-11-22,0.16794404519952003
2024-11-25,0.16934415500063957
2024-11-26,0.1666932775283772
2024-11-27,0.16571017870217078
2024-11-29,0.1645178155228824
2024-12-02,0.16497826161313983
2024-12-03,0.16213673786154206
2024-12-04,0.16213515545247015
2024-12-05,0.1612320478071753
2024-12-06,0.16185388620681834
2024-12-09,0.1606921113419432
2024-12-10,0.16095671169586578
2024-12-11,0.16075532308026846
2024-12-12,0.1626401820211029
2024-12-13,0.15887648413184483
2024-12-16,0.1599448618116722
2024-12-17,0.15928465964095218
2024-12-18,0.17431078945104103
2024-12-19,0.1105664877226564
2024-12-20,0.12037339599425571
2024-12-23,0.11996027008202875
2024-12-24,0.12274065421869522
2024-12-26,0.11849335005207383
2024-12-27,0.12025549250119807
2024-12-30,0.12194852676309513
2024-12-31,0.12152952379020036
2025-01-02,0.12187360293179463
2025-01-03,0.1236881882313296
2025-01-06,0.12353770154304859
2025-01-07,0.11884735319721534
2025-01-08,0.11560279554255835
2025-01-10,0.12058217745971711
2025-01-13,0.1264342179054144
2025-01-14,0.12898638654516908
2025-01-15,0.14378339543450042
2025-01-16,0.14411291979451393
2025-01-17,0.14636569504990748
2025-01-21,0.1498887661354723
2025-01-22,0.14940938256434003
2025-01-23,0.15113563970625585
2025-01-24,0.15117518874540326
2025-01-27,0.15253991509456793
2025-01-28,0.15172308742894938
2025-01-29,0.14973666573302918
2025-01-30,0.1508806710450681
2025-01-31,0.15091601203671984
2025-02-03,0.15120534280140377
2025-02-04,0.1273093809316168
2025-02-05,0.1293146411179872
2025-02-06,0.12382338663746098
2025-02-07,0.12806573853777428
2025-02-10,0.12590974234988245
2025-02-11,0.12617246477995647
2025-02-12,0.12484364504010083
2025-02-13,0.12257356148259664
2025-02-14,0.12323429477916441
2025-02-18,0.12185506290341853
2025-02-19,0.12062965182974084
2025-02-20,0.12621778803166853
2025-02-21,0.1370717102883369
2025-02-24,0.13672140631123786
2025-02-25,0.12484066010367369
2025-02-26,0.12468745481649406
2025-02-27,0.12341869109015227
2025-02-28,0.11762775813199436
2025-03-03,0.12345966924767417
2025-03-04,0.12920880992081374
2025-03-05,0.13150436105774732
2025-03-06,0.13290007030298562
2025-03-07,0.13064391565253358
2025-03-10,0.14462835856721626
2025-03-11,0.14360143768272227
2025-03-12,0.143035188059267
2025-03-13,0.14602183501268068
2025-03-14,0.15863009086193583
2025-03-17,0.16236248364200065
2025-03-18,0.16208291561661894
2025-03-19,0.16375861553702678
2025-03-20,0.16021863445251514
2025-03-21,0.16030664115658927
2025-03-24,0.1659101933992254
2025-03-25,0.16589309138858704
2025-03-26,0.16525636630008808
2025-03-27,0.1647641525458666
2025-03-28,0.1683536240139416
2025-03-31,0.17259541031122674
2025-04-01,0.1726066952571233
2025-04-02,0.17374600775240898
2025-04-03,0.2051617933813875
2025-04-04,0.2575387656568847
2025-04-07,0.25896845947457287
2025-04-08,0.2575805526762729
2025-04-09,0.3428144754265726
2025-04-10,0.34858398545986063
2025-04-11,0.3491380299322929
2025-04-14,0.34933548133721043
2025-04-15,0.3471220768098553
2025-04-16,0.3476451008823394
2025-04-17,0.34861009624502365
2025-04-21,0.35419628279583626
2025-04-22,0.3602565234749982
2025-04-23,0.36072709544768333
2025-04-24,0.36356841614606233
2025-04-25,0.36166101849068777
2025-04-28,0.3574699745280276
2025-04-29,0.356348327626066
2025-04-30,0.3564867425949678
2025-05-01,0.35588558697521844
2025-05-02,0.35735500525930747
2025-05-05,0.3573744536325169
2025-05-06,0.3554794949210638
2025-05-07,0.3555793771362208
2025-05-08,0.35621734174054426
2025-05-09,0.3562522778384555
2025-05-12,0.36249848257327344
2025-05-13,0.3638078962250864
2025-05-14,0.3638731772833679
2025-05-15,0.36328086709702834
2025-05-16,0.34544070339208716
2025-05-19,0.2979155327828684
2025-05-20,0.29337827208893547
2025-05-21,0.3006373170938808
2025-05-22,0.21342348032542086
2025-05-23,0.202100857268217
2025-05-27,0.20398484819488266
2025-05-28,0.20283094611870994
2025-05-29,0.20263388426713547
2025-05-30,0.19410482088002137
2025-06-02,0.18904098162548635
2025-06-03,0.1700616872735499
2025-06-04,0.1556271472640984
2025-06-05,0.15390047172618032
2025-06-06,0.15131554248950638
2025-06-09,0.15164946212288513
2025-06-10,0.15164348701265376
2025-06-11,0.1513687933826859
2025-06-12,0.15223507171251174
2025-06-13,0.1610658482861818
2025-06-16,0.1598481506361624
2025-06-17,0.1605486903974787
2025-06-18,0.15661780813547108
2025-06-20,0.15658037473982542
2025-06-23,0.1560913444499706
2025-06-24,0.15880831877061138
2025-06-25,0.1381450356841184
2025-06-26,0.13161678418506764
2025-06-27,0.13128829669401765
2025-06-30,0.13418995798854197
2025-07-01,0.13389206617417002
2025-07-02,0.133280140581837
2025-07-03,0.1348443406746333
2025-07-07,0.12424537576977492
2025-07-08,0.12484869318124298
2025-07-09,0.12184169728358453
2025-07-10,0.11057100284905196
2025-07-11,0.1116282043336465
2025-07-14,0.11154149683541079
2025-07-15,0.11857322995144613
2025-07-16,0.11963907483093923
2025-07-17,0.11999071184574303
2025-07-18,0.11929750609682595
2025-07-21,0.11873322999080346
2025-07-22,0.11727944577615267
2025-07-23,0.1203155953974978
2025-07-24,0.12245769510174809
2025-07-25,0.12277707262634988
2025-07-28,0.12307269825067067
2025-07-29,0.11324289763495472
2025-07-30,0.11192780941912667
2025-07-31,0.11373568843334057
2025-08-01,0.12415250837659919
2025-08-04,0.1309853743608464
2025-08-05,0.1307836258056473
2025-08-06,0.12734556558693
2025-08-07,0.12885650425870496
2025-08-08,0.1297882821185568
2025-08-11,0.1300340217796523
2025-08-12,0.13228879401432084
2025-08-13,0.13260130759562958
2025-08-14,0.13235780147962795
2025-08-15,0.13007071968086173
2025-08-18,0.12302394532713387
2025-08-19,0.12229906997243226
2025-08-20,0.12224654265017025
2025-08-21,0.1216775421869712
2025-08-22,0.13075561751862474
2025-08-25,0.13354293106169654
2025-08-26,0.12722418156657403
2025-08-27,0.12641297122905562
2025-08-28,0.12580604915816737
2025-08-29,0.12562801010419208
2025-09-02,0.1270382540479075
2025-09-03,0.12522535659420347
2025-09-04,0.12281420544792254
2025-09-05,0.12268185275152377
2025-09-08,0.12210265715586945
2025-09-09,0.12334368637259994
2025-09-10,0.12133684443950256
2025-09-11,0.12960522807648825
2025-09-12,0.1258208478752005
2025-09-15,0.11357909004709946
2025-09-16,0.10878072373642916
2025-09-17,0.10987315667596921
2025-09-18,0.10911641929413711
2025-09-19,0.10790179312060486
2025-09-22,0.10580505742854186
2025-09-23,0.10464796914470827
2025-09-24,0.10117908969071034
2025-09-25,0.10096834698090608
2025-09-26,0.10154372359752627
2025-09-29,0.10136719723532396
2025-09-30,0.10134900278545655
2025-10-01,0.10154268402851081
2025-10-02,0.10107874180928168
2025-10-03,0.10213118401836398
2025-10-06,0.09048011217490964
2025-10-07,0.08623970887627744
2025-10-08,0.08633967592664273
2025-10-09,0.09064814455112477
2025-10-10,0.10967202485998603
2025-10-13,0.11440242177116042
2025-10-14,0.11367712498728909
2025-10-15,0.11352673054993723
2025-10-16,0.11797116424366429
2025-10-17,0.11627969460458876
2025-10-20,0.12152061694087632
2025-10-21,0.119631571471722
2025-10-22,0.12368036601587684
2025-10-23,0.11408547853280321
2025-10-24,0.1170244058348397
2025-10-27,0.11836557942214523
2025-10-28,0.11732562344395714
2025-10-29,0.11580252439373924
2025-10-30,0.11593961119496587
2025-10-31,0.11368377686796657
2025-11-03,0.1153602920386171
2025-11-04,0.11529859658531191
2025-11-05,0.11624683600525722
2025-11-06,0.11664326516145157
2025-11-07,0.1158739970896491
2025-11-10,0.11710077835945026
2025-11-11,0.12202591342080195
2025-11-12,0.12335246648095623
2025-11-13,0.13297532810684004
2025-11-14,0.13329462115545831
2025-11-17,0.13531399160416965
2025-11-18,0.1397127227825855
2025-11-19,0.13971949664066655
2025-11-20,0.1398615482781006
2025-11-21,0.1311769131193716
2025-11-24,0.1265053207379964
2025-11-25,0.13378330953161768
2025-11-26,0.13650827747167288
2025-11-28,0.1321331216870327
2025-12-01,0.13626416306861935
2025-12-02,0.13106526389639064
2025-12-03,0.13300649469374715
2025-12-04,0.1296199354140822
2025-12-05,0.12966657187578304
2025-12-08,0.12822008336141338
2025-12-09,0.12887662721423152
2025-12-10,0.13160694402164602
2025-12-11,0.1431323161183395
2025-12-12,0.14373199161784214
2025-12-15,0.1432349792584324
2025-12-16,0.14239160655991295
2025-12-17,0.14385780635770748
2025-12-18,0.1424612949070893
2025-12-19,0.14076280024107696
2025-12-22,0.14094151069872696
2025-12-23,0.14000279018082404
2025-12-24,0.13605087625846018
2025-12-26,0.1342289811532901
2025-12-29,0.12682445370710588
2025-12-30,0.12369393844063352
2025-12-31,0.1226312769951872
2026-01-02,0.11702608059086425
2026-01-05,0.11939290714672923
2026-01-06,0.11714921359078054
2026-01-07,0.11819980543766766
2026-01-08,0.11814471176788562
2026-01-09,0.10968933665143817
2026-01-12,0.10697682429810759
2026-01-13,0.1148193147454015
2026-01-14,0.11071331121859256
2026-01-15,0.11167281805518978
2026-01-16,0.10958771130251484
2026-01-20,0.11462295641147219
2026-01-21,0.11935374108833327
2026-01-22,0.11978596956760354
2026-01-23,0.11855219596282267
2026-01-26,0.11953842211174409
2026-01-27,0.11856836213523297
2026-01-28,0.11828284594800421
2026-01-29,0.11849322218992714
2026-01-30,0.11877006944387805
2026-02-02,0.12502828826712445
2026-02-03,0.12515903095508055
2026-02-04,0.127083158009035
2026-02-05,0.13334602852438823
2026-02-06,0.15466748852531553
2026-02-09,0.15400738606944828
2026-02-10,0.15400412866229135
2026-02-11,0.1529177928582905
2026-02-12,0.15966548628605923
2026-02-13,0.15849426146639495
2026-02-17,0.15798011295451414
2026-02-18,0.15566601956764475
2026-02-19,0.15406634509174053
2026-02-20,0.1533476918455118
2026-02-23,0.16198952290141802
2026-02-24,0.1628402297215071
2026-02-25,0.16605010597288142
2026-02-26,0.16028613403318628
2026-02-27,0.16227746057866926
2026-03-02,0.16124577288885994
2026-03-03,0.16235346914769327
2026-03-04,0.1586370855176124
2026-03-05,0.16303907321662842
2026-03-06,0.16375402667463743
2026-03-09,0.16416986979636916
2026-03-10,0.16057247652316803
2026-03-11,0.15255365165975365
2026-03-12,0.1605095986903238
2026-03-13,0.16058442239932272
2026-03-16,0.1627272052292441
2026-03-17,0.1563214171341341
2026-03-18,0.16301965842720523
2026-03-19,0.16006686898260358
2026-03-20,0.15685808400974363
2026-03-23,0.13638214895493406
2026-03-24,0.1366265234395361
2026-03-25,0.13730462263652446
2026-03-26,0.1376425272691362
2026-03-27,0.1452721817875642
2026-03-30,0.14566494350324466
2026-03-31,0.1680320469837616
2026-04-01,0.1689527880489688
2026-04-02,0.16883775832489162
2026-04-06,0.168772815976441
2026-04-07,0.16253923155625669
2026-04-08,0.18374866016795566
2026-04-09,0.18166020358696186
2026-04-10,0.1822408646008707
2026-04-13,0.18291588954885185
2026-04-14,0.18350750764729273
2026-04-15,0.18228725907246138
2026-04-16,0.18214135870408962
2026-04-17,0.18177527598370613
2026-04-20,0.17835247471511398
2026-04-21,0.1782218668973334
2026-04-22,0.17925200548250894
2026-04-23,0.17775272735744665
2026-04-24,0.16857371587493536
2026-04-27,0.16801378320051027
2026-04-28,0.16675631629560309
2026-04-29,0.16704861396903212
2026-04-30,0.15923721200070898
2026-05-01,0.15868044766140268
2026-05-04,0.16283748670315662
2026-05-05,0.16193683239490783
2026-05-06,0.16331992705619416
2026-05-07,0.16554133052249573
2026-05-08,0.1616261959903983
2026-05-11,0.14120486759313422
2026-05-12,0.14109843002399622
2026-05-13,0.1266242013014979
2026-05-14,0.12663000392292476
2026-05-15,0.12947680902534867
2026-05-18,0.12937768284320086
2026-05-19,0.13076486629482365
2026-05-20,0.10932962578080681
2026-05-21,0.10879024099099696
2026-05-22,0.1065502862116812
2026-05-26,0.10609065002672076
2026-05-27,0.10578300923558147
2026-05-28,0.10591067061407956
2026-05-29,0.1060953866528886
2026-06-01,0.09665419273386179
2026-06-02,0.09741382273516735
2026-06-03,0.09839329747168798
2026-06-04,0.111974354143553
2026-06-05,0.1140611485532956
2026-06-08,0.11414529629282638
2026-06-09,0.11388966167961188
2026-06-10,0.12340375818553294
2026-06-11,0.12947514068322047
2026-06-12,0.12647407835787483
2026-06-15,0.12776572468953393
2026-06-16,0.12179320928940218
2026-06-17,0.12627956642196456
2026-06-18,0.12328617414938081
2026-06-22,0.12159574253457914
2026-06-23,0.12169981567246906
2026-06-24,0.12199871654438353
2026-06-25,0.12192298658017571
2026-06-26,0.12112591351415126
2026-06-29,0.12071659344625096
2026-06-30,0.11807112530369275
2026-07-01,0.11848588760233025
2026-07-02,0.12182882890060696
2026-07-06,0.1188983634383464
2026-07-07,0.11980739060953913
2026-07-08,0.12439009836283924
2026-07-09,0.12361704588921842
2026-07-10,0.12356484669542978
2026-07-13,0.12352833103825338
2026-07-14,0.12364525256724762
2026-07-15,0.12158653950310035
2026-07-16,0.12149466514592235
2026-07-17,0.12037559228461582
2026-07-20,0.10990997436107307
2026-07-21,0.10968285665644761
2026-07-22,0.10839893532209348
2026-07-23,0.11126896668137896
2026-07-24,0.10056090728694993
2026-07-27,0.09438092289759893
2026-07-28,0.09527267495390543
